employee_id,name,phone,email,role,reports_to,language
EMP-0001,Ramesh Kumar,6000000000,emp-0001@demo-contractor.example,SUPER_ADMIN,,hi
EMP-0002,Anil Sharma,6000015838,emp-0002@demo-contractor.example,ADMIN,EMP-0001,hi
EMP-0003,Mohan Mishra,6000023757,emp-0003@demo-contractor.example,ADMIN,EMP-0001,hi
EMP-0004,Vikas Verma,6000031676,emp-0004@demo-contractor.example,ADMIN,EMP-0001,hi
EMP-0005,Rakesh Tiwari,6000039595,emp-0005@demo-contractor.example,ADMIN,EMP-0001,hi
EMP-0006,Dinesh Lal,6000047514,emp-0006@demo-contractor.example,SENIOR,EMP-0004,hi
EMP-0007,Manoj Yadav,6000055433,emp-0007@demo-contractor.example,SENIOR,EMP-0005,hi
EMP-0008,Sunita Devi,6000063352,emp-0008@demo-contractor.example,SENIOR,EMP-0002,hi
EMP-0009,Kavita Singh,6000071271,emp-0009@demo-contractor.example,SENIOR,EMP-0003,hi
EMP-0010,Rekha Pandey,6000079190,emp-0010@demo-contractor.example,SENIOR,EMP-0004,hi
EMP-0011,Pooja Gupta,6000087109,emp-0011@demo-contractor.example,SENIOR,EMP-0005,hi
EMP-0012,Amit Kumar,6000095028,emp-0012@demo-contractor.example,SENIOR,EMP-0002,hi
EMP-0013,Sanjay Prasad,6000102947,emp-0013@demo-contractor.example,SENIOR,EMP-0003,hi
EMP-0014,Deepak Sharma,6000110866,emp-0014@demo-contractor.example,SENIOR,EMP-0004,hi
EMP-0015,Rajesh Mishra,6000118785,emp-0015@demo-contractor.example,SENIOR,EMP-0005,hi
EMP-0016,Ramesh Verma,6000126704,emp-0016@demo-contractor.example,SENIOR,EMP-0002,hi
EMP-0017,Suresh Tiwari,6000134623,emp-0017@demo-contractor.example,SENIOR,EMP-0003,hi
EMP-0018,Anil Lal,6000142542,emp-0018@demo-contractor.example,SENIOR,EMP-0004,hi
EMP-0019,Mohan Yadav,6000150461,emp-0019@demo-contractor.example,SENIOR,EMP-0005,hi
EMP-0020,Vikas Devi,6000158380,emp-0020@demo-contractor.example,SENIOR,EMP-0002,hi
EMP-0021,Rakesh Singh,6000166299,emp-0021@demo-contractor.example,SENIOR,EMP-0003,hi
EMP-0022,Dinesh Pandey,6000174218,emp-0022@demo-contractor.example,SENIOR,EMP-0004,hi
EMP-0023,Manoj Gupta,6000182137,emp-0023@demo-contractor.example,SENIOR,EMP-0005,hi
EMP-0024,Sunita Kumar,6000190056,emp-0024@demo-contractor.example,SENIOR,EMP-0002,hi
EMP-0025,Kavita Prasad,6000197975,emp-0025@demo-contractor.example,SENIOR,EMP-0003,hi
EMP-0026,Rekha Sharma,6000205894,emp-0026@demo-contractor.example,SENIOR,EMP-0004,hi
EMP-0027,Pooja Mishra,6000213813,emp-0027@demo-contractor.example,SENIOR,EMP-0005,hi
EMP-0028,Amit Verma,6000221732,emp-0028@demo-contractor.example,SENIOR,EMP-0002,hi
EMP-0029,Sanjay Tiwari,6000229651,emp-0029@demo-contractor.example,SENIOR,EMP-0003,hi
EMP-0030,Deepak Lal,6000237570,emp-0030@demo-contractor.example,SENIOR,EMP-0004,hi
EMP-0031,Rajesh Yadav,6000245489,emp-0031@demo-contractor.example,SENIOR,EMP-0005,hi
EMP-0032,Ramesh Devi,6000253408,emp-0032@demo-contractor.example,SENIOR,EMP-0002,hi
EMP-0033,Suresh Singh,6000261327,emp-0033@demo-contractor.example,SENIOR,EMP-0003,hi
EMP-0034,Anil Pandey,6000269246,emp-0034@demo-contractor.example,SENIOR,EMP-0004,hi
EMP-0035,Mohan Gupta,6000277165,emp-0035@demo-contractor.example,SENIOR,EMP-0005,hi
EMP-0036,Vikas Kumar,6000285084,emp-0036@demo-contractor.example,SENIOR,EMP-0002,hi
EMP-0037,Rakesh Prasad,6000293003,emp-0037@demo-contractor.example,SENIOR,EMP-0003,hi
EMP-0038,Dinesh Sharma,6000300922,emp-0038@demo-contractor.example,SENIOR,EMP-0004,hi
EMP-0039,Manoj Mishra,6000308841,emp-0039@demo-contractor.example,SENIOR,EMP-0005,hi
EMP-0040,Sunita Verma,6000316760,emp-0040@demo-contractor.example,SENIOR,EMP-0002,hi
EMP-0041,Kavita Tiwari,6000324679,emp-0041@demo-contractor.example,SENIOR,EMP-0003,hi
EMP-0042,Rekha Lal,6000332598,emp-0042@demo-contractor.example,SENIOR,EMP-0004,hi
EMP-0043,Pooja Yadav,6000340517,emp-0043@demo-contractor.example,SENIOR,EMP-0005,hi
EMP-0044,Amit Devi,6000348436,emp-0044@demo-contractor.example,SENIOR,EMP-0002,hi
EMP-0045,Sanjay Singh,6000356355,emp-0045@demo-contractor.example,SENIOR,EMP-0003,hi
EMP-0046,Deepak Pandey,6000364274,emp-0046@demo-contractor.example,SENIOR,EMP-0004,hi
EMP-0047,Rajesh Gupta,6000372193,emp-0047@demo-contractor.example,SENIOR,EMP-0005,hi
EMP-0048,Ramesh Kumar,6000380112,emp-0048@demo-contractor.example,SENIOR,EMP-0002,hi
EMP-0049,Suresh Prasad,6000388031,emp-0049@demo-contractor.example,SENIOR,EMP-0003,hi
EMP-0050,Anil Sharma,6000395950,emp-0050@demo-contractor.example,SENIOR,EMP-0004,hi
EMP-0051,Mohan Mishra,6000403869,emp-0051@demo-contractor.example,SENIOR,EMP-0005,hi
EMP-0052,Vikas Verma,6000411788,emp-0052@demo-contractor.example,SENIOR,EMP-0002,hi
EMP-0053,Rakesh Tiwari,6000419707,emp-0053@demo-contractor.example,SENIOR,EMP-0003,hi
EMP-0054,Dinesh Lal,6000427626,emp-0054@demo-contractor.example,SENIOR,EMP-0004,hi
EMP-0055,Manoj Yadav,6000435545,emp-0055@demo-contractor.example,SENIOR,EMP-0005,hi
EMP-0056,Sunita Devi,6000443464,emp-0056@demo-contractor.example,SENIOR,EMP-0002,hi
EMP-0057,Kavita Singh,6000451383,emp-0057@demo-contractor.example,SENIOR,EMP-0003,hi
EMP-0058,Rekha Pandey,6000459302,emp-0058@demo-contractor.example,SENIOR,EMP-0004,hi
EMP-0059,Pooja Gupta,6000467221,emp-0059@demo-contractor.example,SENIOR,EMP-0005,hi
EMP-0060,Amit Kumar,6000475140,emp-0060@demo-contractor.example,SENIOR,EMP-0002,hi
EMP-0061,Sanjay Prasad,6000483059,emp-0061@demo-contractor.example,SENIOR,EMP-0003,hi
EMP-0062,Deepak Sharma,6000490978,emp-0062@demo-contractor.example,SENIOR,EMP-0004,hi
EMP-0063,Rajesh Mishra,6000498897,emp-0063@demo-contractor.example,SENIOR,EMP-0005,hi
EMP-0064,Ramesh Verma,6000506816,emp-0064@demo-contractor.example,SENIOR,EMP-0002,hi
EMP-0065,Suresh Tiwari,6000514735,emp-0065@demo-contractor.example,SENIOR,EMP-0003,hi
EMP-0066,Anil Lal,6000522654,emp-0066@demo-contractor.example,SENIOR,EMP-0004,hi
EMP-0067,Mohan Yadav,6000530573,emp-0067@demo-contractor.example,SENIOR,EMP-0005,hi
EMP-0068,Vikas Devi,6000538492,emp-0068@demo-contractor.example,SENIOR,EMP-0002,hi
EMP-0069,Rakesh Singh,6000546411,emp-0069@demo-contractor.example,SENIOR,EMP-0003,hi
EMP-0070,Dinesh Pandey,6000554330,emp-0070@demo-contractor.example,SENIOR,EMP-0004,hi
EMP-0071,Manoj Gupta,6000562249,emp-0071@demo-contractor.example,SENIOR,EMP-0005,hi
EMP-0072,Sunita Kumar,6000570168,emp-0072@demo-contractor.example,SENIOR,EMP-0002,hi
EMP-0073,Kavita Prasad,6000578087,emp-0073@demo-contractor.example,SENIOR,EMP-0003,hi
EMP-0074,Rekha Sharma,6000586006,emp-0074@demo-contractor.example,SENIOR,EMP-0004,hi
EMP-0075,Pooja Mishra,6000593925,emp-0075@demo-contractor.example,SENIOR,EMP-0005,hi
EMP-0076,Amit Verma,6000601844,emp-0076@demo-contractor.example,SENIOR,EMP-0002,hi
EMP-0077,Sanjay Tiwari,6000609763,emp-0077@demo-contractor.example,SENIOR,EMP-0003,hi
EMP-0078,Deepak Lal,6000617682,emp-0078@demo-contractor.example,SENIOR,EMP-0004,hi
EMP-0079,Rajesh Yadav,6000625601,emp-0079@demo-contractor.example,SENIOR,EMP-0005,hi
EMP-0080,Ramesh Devi,6000633520,emp-0080@demo-contractor.example,SENIOR,EMP-0002,hi
EMP-0081,Suresh Singh,6000641439,emp-0081@demo-contractor.example,SENIOR,EMP-0003,hi
EMP-0082,Anil Pandey,6000649358,emp-0082@demo-contractor.example,SENIOR,EMP-0004,hi
EMP-0083,Mohan Gupta,6000657277,emp-0083@demo-contractor.example,SENIOR,EMP-0005,hi
EMP-0084,Vikas Kumar,6000665196,emp-0084@demo-contractor.example,SENIOR,EMP-0002,hi
EMP-0085,Rakesh Prasad,6000673115,emp-0085@demo-contractor.example,SENIOR,EMP-0003,hi
EMP-0086,Dinesh Sharma,6000681034,,EMPLOYEE,EMP-0012,hi
EMP-0087,Manoj Mishra,6000688953,,EMPLOYEE,EMP-0013,en
EMP-0088,Sunita Verma,6000696872,,EMPLOYEE,EMP-0014,hi
EMP-0089,Kavita Tiwari,6000704791,,EMPLOYEE,EMP-0015,hi
EMP-0090,Rekha Lal,6000712710,,EMPLOYEE,EMP-0016,en
EMP-0091,Pooja Yadav,6000720629,,EMPLOYEE,EMP-0017,hi
EMP-0092,Amit Devi,6000728548,,EMPLOYEE,EMP-0018,hi
EMP-0093,Sanjay Singh,6000736467,,EMPLOYEE,EMP-0019,en
EMP-0094,Deepak Pandey,6000744386,,EMPLOYEE,EMP-0020,hi
EMP-0095,Rajesh Gupta,6000752305,,EMPLOYEE,EMP-0021,hi
EMP-0096,Ramesh Kumar,6000760224,,EMPLOYEE,EMP-0022,en
EMP-0097,Suresh Prasad,6000768143,,EMPLOYEE,EMP-0023,hi
EMP-0098,Anil Sharma,6000776062,,EMPLOYEE,EMP-0024,hi
EMP-0099,Mohan Mishra,6000783981,,EMPLOYEE,EMP-0025,en
EMP-0100,Vikas Verma,6000791900,,EMPLOYEE,EMP-0026,hi
EMP-0101,Rakesh Tiwari,6000799819,,EMPLOYEE,EMP-0027,hi
EMP-0102,Dinesh Lal,6000807738,,EMPLOYEE,EMP-0028,en
EMP-0103,Manoj Yadav,6000815657,,EMPLOYEE,EMP-0029,hi
EMP-0104,Sunita Devi,6000823576,,EMPLOYEE,EMP-0030,hi
EMP-0105,Kavita Singh,6000831495,,EMPLOYEE,EMP-0031,en
EMP-0106,Rekha Pandey,6000839414,,EMPLOYEE,EMP-0032,hi
EMP-0107,Pooja Gupta,6000847333,,EMPLOYEE,EMP-0033,hi
EMP-0108,Amit Kumar,6000855252,,EMPLOYEE,EMP-0034,en
EMP-0109,Sanjay Prasad,6000863171,,EMPLOYEE,EMP-0035,hi
EMP-0110,Deepak Sharma,6000871090,,EMPLOYEE,EMP-0036,hi
EMP-0111,Rajesh Mishra,6000879009,,EMPLOYEE,EMP-0037,en
EMP-0112,Ramesh Verma,6000886928,,EMPLOYEE,EMP-0038,hi
EMP-0113,Suresh Tiwari,6000894847,,EMPLOYEE,EMP-0039,hi
EMP-0114,Anil Lal,6000902766,,EMPLOYEE,EMP-0040,en
EMP-0115,Mohan Yadav,6000910685,,EMPLOYEE,EMP-0041,hi
EMP-0116,Vikas Devi,6000918604,,EMPLOYEE,EMP-0042,hi
EMP-0117,Rakesh Singh,6000926523,,EMPLOYEE,EMP-0043,en
EMP-0118,Dinesh Pandey,6000934442,,EMPLOYEE,EMP-0044,hi
EMP-0119,Manoj Gupta,6000942361,,EMPLOYEE,EMP-0045,hi
EMP-0120,Sunita Kumar,6000950280,,EMPLOYEE,EMP-0046,en
EMP-0121,Kavita Prasad,6000958199,,EMPLOYEE,EMP-0047,hi
EMP-0122,Rekha Sharma,6000966118,,EMPLOYEE,EMP-0048,hi
EMP-0123,Pooja Mishra,6000974037,,EMPLOYEE,EMP-0049,en
EMP-0124,Amit Verma,6000981956,,EMPLOYEE,EMP-0050,hi
EMP-0125,Sanjay Tiwari,6000989875,,EMPLOYEE,EMP-0051,hi
EMP-0126,Deepak Lal,6000997794,,EMPLOYEE,EMP-0052,en
EMP-0127,Rajesh Yadav,6001005713,,EMPLOYEE,EMP-0053,hi
EMP-0128,Ramesh Devi,6001013632,,EMPLOYEE,EMP-0054,hi
EMP-0129,Suresh Singh,6001021551,,EMPLOYEE,EMP-0055,en
EMP-0130,Anil Pandey,6001029470,,EMPLOYEE,EMP-0056,hi
EMP-0131,Mohan Gupta,6001037389,,EMPLOYEE,EMP-0057,hi
EMP-0132,Vikas Kumar,6001045308,,EMPLOYEE,EMP-0058,en
EMP-0133,Rakesh Prasad,6001053227,,EMPLOYEE,EMP-0059,hi
EMP-0134,Dinesh Sharma,6001061146,,EMPLOYEE,EMP-0060,hi
EMP-0135,Manoj Mishra,6001069065,,EMPLOYEE,EMP-0061,en
EMP-0136,Sunita Verma,6001076984,,EMPLOYEE,EMP-0062,hi
EMP-0137,Kavita Tiwari,6001084903,,EMPLOYEE,EMP-0063,hi
EMP-0138,Rekha Lal,6001092822,,EMPLOYEE,EMP-0064,en
EMP-0139,Pooja Yadav,6001100741,,EMPLOYEE,EMP-0065,hi
EMP-0140,Amit Devi,6001108660,,EMPLOYEE,EMP-0066,hi
EMP-0141,Sanjay Singh,6001116579,,EMPLOYEE,EMP-0067,en
EMP-0142,Deepak Pandey,6001124498,,EMPLOYEE,EMP-0068,hi
EMP-0143,Rajesh Gupta,6001132417,,EMPLOYEE,EMP-0069,hi
EMP-0144,Ramesh Kumar,6001140336,,EMPLOYEE,EMP-0070,en
EMP-0145,Suresh Prasad,6001148255,,EMPLOYEE,EMP-0071,hi
EMP-0146,Anil Sharma,6001156174,,EMPLOYEE,EMP-0072,hi
EMP-0147,Mohan Mishra,6001164093,,EMPLOYEE,EMP-0073,en
EMP-0148,Vikas Verma,6001172012,,EMPLOYEE,EMP-0074,hi
EMP-0149,Rakesh Tiwari,6001179931,,EMPLOYEE,EMP-0075,hi
EMP-0150,Dinesh Lal,6001187850,,EMPLOYEE,EMP-0076,en
EMP-0151,Manoj Yadav,6001195769,,EMPLOYEE,EMP-0077,hi
EMP-0152,Sunita Devi,6001203688,,EMPLOYEE,EMP-0078,hi
EMP-0153,Kavita Singh,6001211607,,EMPLOYEE,EMP-0079,en
EMP-0154,Rekha Pandey,6001219526,,EMPLOYEE,EMP-0080,hi
EMP-0155,Pooja Gupta,6001227445,,EMPLOYEE,EMP-0081,hi
EMP-0156,Amit Kumar,6001235364,,EMPLOYEE,EMP-0082,en
EMP-0157,Sanjay Prasad,6001243283,,EMPLOYEE,EMP-0083,hi
EMP-0158,Deepak Sharma,6001251202,,EMPLOYEE,EMP-0084,hi
EMP-0159,Rajesh Mishra,6001259121,,EMPLOYEE,EMP-0085,en
EMP-0160,Ramesh Verma,6001267040,,EMPLOYEE,EMP-0006,hi
EMP-0161,Suresh Tiwari,6001274959,,EMPLOYEE,EMP-0007,hi
EMP-0162,Anil Lal,6001282878,,EMPLOYEE,EMP-0008,en
EMP-0163,Mohan Yadav,6001290797,,EMPLOYEE,EMP-0009,hi
EMP-0164,Vikas Devi,6001298716,,EMPLOYEE,EMP-0010,hi
EMP-0165,Rakesh Singh,6001306635,,EMPLOYEE,EMP-0011,en
EMP-0166,Dinesh Pandey,6001314554,,EMPLOYEE,EMP-0012,hi
EMP-0167,Manoj Gupta,6001322473,,EMPLOYEE,EMP-0013,hi
EMP-0168,Sunita Kumar,6001330392,,EMPLOYEE,EMP-0014,en
EMP-0169,Kavita Prasad,6001338311,,EMPLOYEE,EMP-0015,hi
EMP-0170,Rekha Sharma,6001346230,,EMPLOYEE,EMP-0016,hi
EMP-0171,Pooja Mishra,6001354149,,EMPLOYEE,EMP-0017,en
EMP-0172,Amit Verma,6001362068,,EMPLOYEE,EMP-0018,hi
EMP-0173,Sanjay Tiwari,6001369987,,EMPLOYEE,EMP-0019,hi
EMP-0174,Deepak Lal,6001377906,,EMPLOYEE,EMP-0020,en
EMP-0175,Rajesh Yadav,6001385825,,EMPLOYEE,EMP-0021,hi
EMP-0176,Ramesh Devi,6001393744,,EMPLOYEE,EMP-0022,hi
EMP-0177,Suresh Singh,6001401663,,EMPLOYEE,EMP-0023,en
EMP-0178,Anil Pandey,6001409582,,EMPLOYEE,EMP-0024,hi
EMP-0179,Mohan Gupta,6001417501,,EMPLOYEE,EMP-0025,hi
EMP-0180,Vikas Kumar,6001425420,,EMPLOYEE,EMP-0026,en
EMP-0181,Rakesh Prasad,6001433339,,EMPLOYEE,EMP-0027,hi
EMP-0182,Dinesh Sharma,6001441258,,EMPLOYEE,EMP-0028,hi
EMP-0183,Manoj Mishra,6001449177,,EMPLOYEE,EMP-0029,en
EMP-0184,Sunita Verma,6001457096,,EMPLOYEE,EMP-0030,hi
EMP-0185,Kavita Tiwari,6001465015,,EMPLOYEE,EMP-0031,hi
EMP-0186,Rekha Lal,6001472934,,EMPLOYEE,EMP-0032,en
EMP-0187,Pooja Yadav,6001480853,,EMPLOYEE,EMP-0033,hi
EMP-0188,Amit Devi,6001488772,,EMPLOYEE,EMP-0034,hi
EMP-0189,Sanjay Singh,6001496691,,EMPLOYEE,EMP-0035,en
EMP-0190,Deepak Pandey,6001504610,,EMPLOYEE,EMP-0036,hi
EMP-0191,Rajesh Gupta,6001512529,,EMPLOYEE,EMP-0037,hi
EMP-0192,Ramesh Kumar,6001520448,,EMPLOYEE,EMP-0038,en
EMP-0193,Suresh Prasad,6001528367,,EMPLOYEE,EMP-0039,hi
EMP-0194,Anil Sharma,6001536286,,EMPLOYEE,EMP-0040,hi
EMP-0195,Mohan Mishra,6001544205,,EMPLOYEE,EMP-0041,en
EMP-0196,Vikas Verma,6001552124,,EMPLOYEE,EMP-0042,hi
EMP-0197,Rakesh Tiwari,6001560043,,EMPLOYEE,EMP-0043,hi
EMP-0198,Dinesh Lal,6001567962,,EMPLOYEE,EMP-0044,en
EMP-0199,Manoj Yadav,6001575881,,EMPLOYEE,EMP-0045,hi
EMP-0200,Sunita Devi,6001583800,,EMPLOYEE,EMP-0046,hi
EMP-0201,Kavita Singh,6001591719,,EMPLOYEE,EMP-0047,en
EMP-0202,Rekha Pandey,6001599638,,EMPLOYEE,EMP-0048,hi
EMP-0203,Pooja Gupta,6001607557,,EMPLOYEE,EMP-0049,hi
EMP-0204,Amit Kumar,6001615476,,EMPLOYEE,EMP-0050,en
EMP-0205,Sanjay Prasad,6001623395,,EMPLOYEE,EMP-0051,hi
EMP-0206,Deepak Sharma,6001631314,,EMPLOYEE,EMP-0052,hi
EMP-0207,Rajesh Mishra,6001639233,,EMPLOYEE,EMP-0053,en
EMP-0208,Ramesh Verma,6001647152,,EMPLOYEE,EMP-0054,hi
EMP-0209,Suresh Tiwari,6001655071,,EMPLOYEE,EMP-0055,hi
EMP-0210,Anil Lal,6001662990,,EMPLOYEE,EMP-0056,en
EMP-0211,Mohan Yadav,6001670909,,EMPLOYEE,EMP-0057,hi
EMP-0212,Vikas Devi,6001678828,,EMPLOYEE,EMP-0058,hi
EMP-0213,Rakesh Singh,6001686747,,EMPLOYEE,EMP-0059,en
EMP-0214,Dinesh Pandey,6001694666,,EMPLOYEE,EMP-0060,hi
EMP-0215,Manoj Gupta,6001702585,,EMPLOYEE,EMP-0061,hi
EMP-0216,Sunita Kumar,6001710504,,EMPLOYEE,EMP-0062,en
EMP-0217,Kavita Prasad,6001718423,,EMPLOYEE,EMP-0063,hi
EMP-0218,Rekha Sharma,6001726342,,EMPLOYEE,EMP-0064,hi
EMP-0219,Pooja Mishra,6001734261,,EMPLOYEE,EMP-0065,en
EMP-0220,Amit Verma,6001742180,,EMPLOYEE,EMP-0066,hi
EMP-0221,Sanjay Tiwari,6001750099,,EMPLOYEE,EMP-0067,hi
EMP-0222,Deepak Lal,6001758018,,EMPLOYEE,EMP-0068,en
EMP-0223,Rajesh Yadav,6001765937,,EMPLOYEE,EMP-0069,hi
EMP-0224,Ramesh Devi,6001773856,,EMPLOYEE,EMP-0070,hi
EMP-0225,Suresh Singh,6001781775,,EMPLOYEE,EMP-0071,en
EMP-0226,Anil Pandey,6001789694,,EMPLOYEE,EMP-0072,hi
EMP-0227,Mohan Gupta,6001797613,,EMPLOYEE,EMP-0073,hi
EMP-0228,Vikas Kumar,6001805532,,EMPLOYEE,EMP-0074,en
EMP-0229,Rakesh Prasad,6001813451,,EMPLOYEE,EMP-0075,hi
EMP-0230,Dinesh Sharma,6001821370,,EMPLOYEE,EMP-0076,hi
EMP-0231,Manoj Mishra,6001829289,,EMPLOYEE,EMP-0077,en
EMP-0232,Sunita Verma,6001837208,,EMPLOYEE,EMP-0078,hi
EMP-0233,Kavita Tiwari,6001845127,,EMPLOYEE,EMP-0079,hi
EMP-0234,Rekha Lal,6001853046,,EMPLOYEE,EMP-0080,en
EMP-0235,Pooja Yadav,6001860965,,EMPLOYEE,EMP-0081,hi
EMP-0236,Amit Devi,6001868884,,EMPLOYEE,EMP-0082,hi
EMP-0237,Sanjay Singh,6001876803,,EMPLOYEE,EMP-0083,en
EMP-0238,Deepak Pandey,6001884722,,EMPLOYEE,EMP-0084,hi
EMP-0239,Rajesh Gupta,6001892641,,EMPLOYEE,EMP-0085,hi
EMP-0240,Ramesh Kumar,6001900560,,EMPLOYEE,EMP-0006,en
EMP-0241,Suresh Prasad,6001908479,,EMPLOYEE,EMP-0007,hi
EMP-0242,Anil Sharma,6001916398,,EMPLOYEE,EMP-0008,hi
EMP-0243,Mohan Mishra,6001924317,,EMPLOYEE,EMP-0009,en
EMP-0244,Vikas Verma,6001932236,,EMPLOYEE,EMP-0010,hi
EMP-0245,Rakesh Tiwari,6001940155,,EMPLOYEE,EMP-0011,hi
EMP-0246,Dinesh Lal,6001948074,,EMPLOYEE,EMP-0012,en
EMP-0247,Manoj Yadav,6001955993,,EMPLOYEE,EMP-0013,hi
EMP-0248,Sunita Devi,6001963912,,EMPLOYEE,EMP-0014,hi
EMP-0249,Kavita Singh,6001971831,,EMPLOYEE,EMP-0015,en
EMP-0250,Rekha Pandey,6001979750,,EMPLOYEE,EMP-0016,hi
EMP-0251,Pooja Gupta,6001987669,,EMPLOYEE,EMP-0017,hi
EMP-0252,Amit Kumar,6001995588,,EMPLOYEE,EMP-0018,en
EMP-0253,Sanjay Prasad,6002003507,,EMPLOYEE,EMP-0019,hi
EMP-0254,Deepak Sharma,6002011426,,EMPLOYEE,EMP-0020,hi
EMP-0255,Rajesh Mishra,6002019345,,EMPLOYEE,EMP-0021,en
EMP-0256,Ramesh Verma,6002027264,,EMPLOYEE,EMP-0022,hi
EMP-0257,Suresh Tiwari,6002035183,,EMPLOYEE,EMP-0023,hi
EMP-0258,Anil Lal,6002043102,,EMPLOYEE,EMP-0024,en
EMP-0259,Mohan Yadav,6002051021,,EMPLOYEE,EMP-0025,hi
EMP-0260,Vikas Devi,6002058940,,EMPLOYEE,EMP-0026,hi
EMP-0261,Rakesh Singh,6002066859,,EMPLOYEE,EMP-0027,en
EMP-0262,Dinesh Pandey,6002074778,,EMPLOYEE,EMP-0028,hi
EMP-0263,Manoj Gupta,6002082697,,EMPLOYEE,EMP-0029,hi
EMP-0264,Sunita Kumar,6002090616,,EMPLOYEE,EMP-0030,en
EMP-0265,Kavita Prasad,6002098535,,EMPLOYEE,EMP-0031,hi
EMP-0266,Rekha Sharma,6002106454,,EMPLOYEE,EMP-0032,hi
EMP-0267,Pooja Mishra,6002114373,,EMPLOYEE,EMP-0033,en
EMP-0268,Amit Verma,6002122292,,EMPLOYEE,EMP-0034,hi
EMP-0269,Sanjay Tiwari,6002130211,,EMPLOYEE,EMP-0035,hi
EMP-0270,Deepak Lal,6002138130,,EMPLOYEE,EMP-0036,en
EMP-0271,Rajesh Yadav,6002146049,,EMPLOYEE,EMP-0037,hi
EMP-0272,Ramesh Devi,6002153968,,EMPLOYEE,EMP-0038,hi
EMP-0273,Suresh Singh,6002161887,,EMPLOYEE,EMP-0039,en
EMP-0274,Anil Pandey,6002169806,,EMPLOYEE,EMP-0040,hi
EMP-0275,Mohan Gupta,6002177725,,EMPLOYEE,EMP-0041,hi
EMP-0276,Vikas Kumar,6002185644,,EMPLOYEE,EMP-0042,en
EMP-0277,Rakesh Prasad,6002193563,,EMPLOYEE,EMP-0043,hi
EMP-0278,Dinesh Sharma,6002201482,,EMPLOYEE,EMP-0044,hi
EMP-0279,Manoj Mishra,6002209401,,EMPLOYEE,EMP-0045,en
EMP-0280,Sunita Verma,6002217320,,EMPLOYEE,EMP-0046,hi
EMP-0281,Kavita Tiwari,6002225239,,EMPLOYEE,EMP-0047,hi
EMP-0282,Rekha Lal,6002233158,,EMPLOYEE,EMP-0048,en
EMP-0283,Pooja Yadav,6002241077,,EMPLOYEE,EMP-0049,hi
EMP-0284,Amit Devi,6002248996,,EMPLOYEE,EMP-0050,hi
EMP-0285,Sanjay Singh,6002256915,,EMPLOYEE,EMP-0051,en
EMP-0286,Deepak Pandey,6002264834,,EMPLOYEE,EMP-0052,hi
EMP-0287,Rajesh Gupta,6002272753,,EMPLOYEE,EMP-0053,hi
EMP-0288,Ramesh Kumar,6002280672,,EMPLOYEE,EMP-0054,en
EMP-0289,Suresh Prasad,6002288591,,EMPLOYEE,EMP-0055,hi
EMP-0290,Anil Sharma,6002296510,,EMPLOYEE,EMP-0056,hi
EMP-0291,Mohan Mishra,6002304429,,EMPLOYEE,EMP-0057,en
EMP-0292,Vikas Verma,6002312348,,EMPLOYEE,EMP-0058,hi
EMP-0293,Rakesh Tiwari,6002320267,,EMPLOYEE,EMP-0059,hi
EMP-0294,Dinesh Lal,6002328186,,EMPLOYEE,EMP-0060,en
EMP-0295,Manoj Yadav,6002336105,,EMPLOYEE,EMP-0061,hi
EMP-0296,Sunita Devi,6002344024,,EMPLOYEE,EMP-0062,hi
EMP-0297,Kavita Singh,6002351943,,EMPLOYEE,EMP-0063,en
EMP-0298,Rekha Pandey,6002359862,,EMPLOYEE,EMP-0064,hi
EMP-0299,Pooja Gupta,6002367781,,EMPLOYEE,EMP-0065,hi
EMP-0300,Amit Kumar,6002375700,,EMPLOYEE,EMP-0066,en
EMP-0301,Sanjay Prasad,6002383619,,EMPLOYEE,EMP-0067,hi
EMP-0302,Deepak Sharma,6002391538,,EMPLOYEE,EMP-0068,hi
EMP-0303,Rajesh Mishra,6002399457,,EMPLOYEE,EMP-0069,en
EMP-0304,Ramesh Verma,6002407376,,EMPLOYEE,EMP-0070,hi
EMP-0305,Suresh Tiwari,6002415295,,EMPLOYEE,EMP-0071,hi
EMP-0306,Anil Lal,6002423214,,EMPLOYEE,EMP-0072,en
EMP-0307,Mohan Yadav,6002431133,,EMPLOYEE,EMP-0073,hi
EMP-0308,Vikas Devi,6002439052,,EMPLOYEE,EMP-0074,hi
EMP-0309,Rakesh Singh,6002446971,,EMPLOYEE,EMP-0075,en
EMP-0310,Dinesh Pandey,6002454890,,EMPLOYEE,EMP-0076,hi
EMP-0311,Manoj Gupta,6002462809,,EMPLOYEE,EMP-0077,hi
EMP-0312,Sunita Kumar,6002470728,,EMPLOYEE,EMP-0078,en
EMP-0313,Kavita Prasad,6002478647,,EMPLOYEE,EMP-0079,hi
EMP-0314,Rekha Sharma,6002486566,,EMPLOYEE,EMP-0080,hi
EMP-0315,Pooja Mishra,6002494485,,EMPLOYEE,EMP-0081,en
EMP-0316,Amit Verma,6002502404,,EMPLOYEE,EMP-0082,hi
EMP-0317,Sanjay Tiwari,6002510323,,EMPLOYEE,EMP-0083,hi
EMP-0318,Deepak Lal,6002518242,,EMPLOYEE,EMP-0084,en
EMP-0319,Rajesh Yadav,6002526161,,EMPLOYEE,EMP-0085,hi
EMP-0320,Ramesh Devi,6002534080,,EMPLOYEE,EMP-0006,hi
EMP-0321,Suresh Singh,6002541999,,EMPLOYEE,EMP-0007,en
EMP-0322,Anil Pandey,6002549918,,EMPLOYEE,EMP-0008,hi
EMP-0323,Mohan Gupta,6002557837,,EMPLOYEE,EMP-0009,hi
EMP-0324,Vikas Kumar,6002565756,,EMPLOYEE,EMP-0010,en
EMP-0325,Rakesh Prasad,6002573675,,EMPLOYEE,EMP-0011,hi
EMP-0326,Dinesh Sharma,6002581594,,EMPLOYEE,EMP-0012,hi
EMP-0327,Manoj Mishra,6002589513,,EMPLOYEE,EMP-0013,en
EMP-0328,Sunita Verma,6002597432,,EMPLOYEE,EMP-0014,hi
EMP-0329,Kavita Tiwari,6002605351,,EMPLOYEE,EMP-0015,hi
EMP-0330,Rekha Lal,6002613270,,EMPLOYEE,EMP-0016,en
EMP-0331,Pooja Yadav,6002621189,,EMPLOYEE,EMP-0017,hi
EMP-0332,Amit Devi,6002629108,,EMPLOYEE,EMP-0018,hi
EMP-0333,Sanjay Singh,6002637027,,EMPLOYEE,EMP-0019,en
EMP-0334,Deepak Pandey,6002644946,,EMPLOYEE,EMP-0020,hi
EMP-0335,Rajesh Gupta,6002652865,,EMPLOYEE,EMP-0021,hi
EMP-0336,Ramesh Kumar,6002660784,,EMPLOYEE,EMP-0022,en
EMP-0337,Suresh Prasad,6002668703,,EMPLOYEE,EMP-0023,hi
EMP-0338,Anil Sharma,6002676622,,EMPLOYEE,EMP-0024,hi
EMP-0339,Mohan Mishra,6002684541,,EMPLOYEE,EMP-0025,en
EMP-0340,Vikas Verma,6002692460,,EMPLOYEE,EMP-0026,hi
EMP-0341,Rakesh Tiwari,6002700379,,EMPLOYEE,EMP-0027,hi
EMP-0342,Dinesh Lal,6002708298,,EMPLOYEE,EMP-0028,en
EMP-0343,Manoj Yadav,6002716217,,EMPLOYEE,EMP-0029,hi
EMP-0344,Sunita Devi,6002724136,,EMPLOYEE,EMP-0030,hi
EMP-0345,Kavita Singh,6002732055,,EMPLOYEE,EMP-0031,en
EMP-0346,Rekha Pandey,6002739974,,EMPLOYEE,EMP-0032,hi
EMP-0347,Pooja Gupta,6002747893,,EMPLOYEE,EMP-0033,hi
EMP-0348,Amit Kumar,6002755812,,EMPLOYEE,EMP-0034,en
EMP-0349,Sanjay Prasad,6002763731,,EMPLOYEE,EMP-0035,hi
EMP-0350,Deepak Sharma,6002771650,,EMPLOYEE,EMP-0036,hi
EMP-0351,Rajesh Mishra,6002779569,,EMPLOYEE,EMP-0037,en
EMP-0352,Ramesh Verma,6002787488,,EMPLOYEE,EMP-0038,hi
EMP-0353,Suresh Tiwari,6002795407,,EMPLOYEE,EMP-0039,hi
EMP-0354,Anil Lal,6002803326,,EMPLOYEE,EMP-0040,en
EMP-0355,Mohan Yadav,6002811245,,EMPLOYEE,EMP-0041,hi
EMP-0356,Vikas Devi,6002819164,,EMPLOYEE,EMP-0042,hi
EMP-0357,Rakesh Singh,6002827083,,EMPLOYEE,EMP-0043,en
EMP-0358,Dinesh Pandey,6002835002,,EMPLOYEE,EMP-0044,hi
EMP-0359,Manoj Gupta,6002842921,,EMPLOYEE,EMP-0045,hi
EMP-0360,Sunita Kumar,6002850840,,EMPLOYEE,EMP-0046,en
EMP-0361,Kavita Prasad,6002858759,,EMPLOYEE,EMP-0047,hi
EMP-0362,Rekha Sharma,6002866678,,EMPLOYEE,EMP-0048,hi
EMP-0363,Pooja Mishra,6002874597,,EMPLOYEE,EMP-0049,en
EMP-0364,Amit Verma,6002882516,,EMPLOYEE,EMP-0050,hi
EMP-0365,Sanjay Tiwari,6002890435,,EMPLOYEE,EMP-0051,hi
EMP-0366,Deepak Lal,6002898354,,EMPLOYEE,EMP-0052,en
EMP-0367,Rajesh Yadav,6002906273,,EMPLOYEE,EMP-0053,hi
EMP-0368,Ramesh Devi,6002914192,,EMPLOYEE,EMP-0054,hi
EMP-0369,Suresh Singh,6002922111,,EMPLOYEE,EMP-0055,en
EMP-0370,Anil Pandey,6002930030,,EMPLOYEE,EMP-0056,hi
EMP-0371,Mohan Gupta,6002937949,,EMPLOYEE,EMP-0057,hi
EMP-0372,Vikas Kumar,6002945868,,EMPLOYEE,EMP-0058,en
EMP-0373,Rakesh Prasad,6002953787,,EMPLOYEE,EMP-0059,hi
EMP-0374,Dinesh Sharma,6002961706,,EMPLOYEE,EMP-0060,hi
EMP-0375,Manoj Mishra,6002969625,,EMPLOYEE,EMP-0061,en
EMP-0376,Sunita Verma,6002977544,,EMPLOYEE,EMP-0062,hi
EMP-0377,Kavita Tiwari,6002985463,,EMPLOYEE,EMP-0063,hi
EMP-0378,Rekha Lal,6002993382,,EMPLOYEE,EMP-0064,en
EMP-0379,Pooja Yadav,6003001301,,EMPLOYEE,EMP-0065,hi
EMP-0380,Amit Devi,6003009220,,EMPLOYEE,EMP-0066,hi
EMP-0381,Sanjay Singh,6003017139,,EMPLOYEE,EMP-0067,en
EMP-0382,Deepak Pandey,6003025058,,EMPLOYEE,EMP-0068,hi
EMP-0383,Rajesh Gupta,6003032977,,EMPLOYEE,EMP-0069,hi
EMP-0384,Ramesh Kumar,6003040896,,EMPLOYEE,EMP-0070,en
EMP-0385,Suresh Prasad,6003048815,,EMPLOYEE,EMP-0071,hi
EMP-0386,Anil Sharma,6003056734,,EMPLOYEE,EMP-0072,hi
EMP-0387,Mohan Mishra,6003064653,,EMPLOYEE,EMP-0073,en
EMP-0388,Vikas Verma,6003072572,,EMPLOYEE,EMP-0074,hi
EMP-0389,Rakesh Tiwari,6003080491,,EMPLOYEE,EMP-0075,hi
EMP-0390,Dinesh Lal,6003088410,,EMPLOYEE,EMP-0076,en
EMP-0391,Manoj Yadav,6003096329,,EMPLOYEE,EMP-0077,hi
EMP-0392,Sunita Devi,6003104248,,EMPLOYEE,EMP-0078,hi
EMP-0393,Kavita Singh,6003112167,,EMPLOYEE,EMP-0079,en
EMP-0394,Rekha Pandey,6003120086,,EMPLOYEE,EMP-0080,hi
EMP-0395,Pooja Gupta,6003128005,,EMPLOYEE,EMP-0081,hi
EMP-0396,Amit Kumar,6003135924,,EMPLOYEE,EMP-0082,en
EMP-0397,Sanjay Prasad,6003143843,,EMPLOYEE,EMP-0083,hi
EMP-0398,Deepak Sharma,6003151762,,EMPLOYEE,EMP-0084,hi
EMP-0399,Rajesh Mishra,6003159681,,EMPLOYEE,EMP-0085,en
EMP-0400,Ramesh Verma,6003167600,,EMPLOYEE,EMP-0006,hi
EMP-0401,Suresh Tiwari,6003175519,,EMPLOYEE,EMP-0007,hi
EMP-0402,Anil Lal,6003183438,,EMPLOYEE,EMP-0008,en
EMP-0403,Mohan Yadav,6003191357,,EMPLOYEE,EMP-0009,hi
EMP-0404,Vikas Devi,6003199276,,EMPLOYEE,EMP-0010,hi
EMP-0405,Rakesh Singh,6003207195,,EMPLOYEE,EMP-0011,en
EMP-0406,Dinesh Pandey,6003215114,,EMPLOYEE,EMP-0012,hi
EMP-0407,Manoj Gupta,6003223033,,EMPLOYEE,EMP-0013,hi
EMP-0408,Sunita Kumar,6003230952,,EMPLOYEE,EMP-0014,en
EMP-0409,Kavita Prasad,6003238871,,EMPLOYEE,EMP-0015,hi
EMP-0410,Rekha Sharma,6003246790,,EMPLOYEE,EMP-0016,hi
EMP-0411,Pooja Mishra,6003254709,,EMPLOYEE,EMP-0017,en
EMP-0412,Amit Verma,6003262628,,EMPLOYEE,EMP-0018,hi
EMP-0413,Sanjay Tiwari,6003270547,,EMPLOYEE,EMP-0019,hi
EMP-0414,Deepak Lal,6003278466,,EMPLOYEE,EMP-0020,en
EMP-0415,Rajesh Yadav,6003286385,,EMPLOYEE,EMP-0021,hi
EMP-0416,Ramesh Devi,6003294304,,EMPLOYEE,EMP-0022,hi
EMP-0417,Suresh Singh,6003302223,,EMPLOYEE,EMP-0023,en
EMP-0418,Anil Pandey,6003310142,,EMPLOYEE,EMP-0024,hi
EMP-0419,Mohan Gupta,6003318061,,EMPLOYEE,EMP-0025,hi
EMP-0420,Vikas Kumar,6003325980,,EMPLOYEE,EMP-0026,en
EMP-0421,Rakesh Prasad,6003333899,,EMPLOYEE,EMP-0027,hi
EMP-0422,Dinesh Sharma,6003341818,,EMPLOYEE,EMP-0028,hi
EMP-0423,Manoj Mishra,6003349737,,EMPLOYEE,EMP-0029,en
EMP-0424,Sunita Verma,6003357656,,EMPLOYEE,EMP-0030,hi
EMP-0425,Kavita Tiwari,6003365575,,EMPLOYEE,EMP-0031,hi
EMP-0426,Rekha Lal,6003373494,,EMPLOYEE,EMP-0032,en
EMP-0427,Pooja Yadav,6003381413,,EMPLOYEE,EMP-0033,hi
EMP-0428,Amit Devi,6003389332,,EMPLOYEE,EMP-0034,hi
EMP-0429,Sanjay Singh,6003397251,,EMPLOYEE,EMP-0035,en
EMP-0430,Deepak Pandey,6003405170,,EMPLOYEE,EMP-0036,hi
EMP-0431,Rajesh Gupta,6003413089,,EMPLOYEE,EMP-0037,hi
EMP-0432,Ramesh Kumar,6003421008,,EMPLOYEE,EMP-0038,en
EMP-0433,Suresh Prasad,6003428927,,EMPLOYEE,EMP-0039,hi
EMP-0434,Anil Sharma,6003436846,,EMPLOYEE,EMP-0040,hi
EMP-0435,Mohan Mishra,6003444765,,EMPLOYEE,EMP-0041,en
EMP-0436,Vikas Verma,6003452684,,EMPLOYEE,EMP-0042,hi
EMP-0437,Rakesh Tiwari,6003460603,,EMPLOYEE,EMP-0043,hi
EMP-0438,Dinesh Lal,6003468522,,EMPLOYEE,EMP-0044,en
EMP-0439,Manoj Yadav,6003476441,,EMPLOYEE,EMP-0045,hi
EMP-0440,Sunita Devi,6003484360,,EMPLOYEE,EMP-0046,hi
EMP-0441,Kavita Singh,6003492279,,EMPLOYEE,EMP-0047,en
EMP-0442,Rekha Pandey,6003500198,,EMPLOYEE,EMP-0048,hi
EMP-0443,Pooja Gupta,6003508117,,EMPLOYEE,EMP-0049,hi
EMP-0444,Amit Kumar,6003516036,,EMPLOYEE,EMP-0050,en
EMP-0445,Sanjay Prasad,6003523955,,EMPLOYEE,EMP-0051,hi
EMP-0446,Deepak Sharma,6003531874,,EMPLOYEE,EMP-0052,hi
EMP-0447,Rajesh Mishra,6003539793,,EMPLOYEE,EMP-0053,en
EMP-0448,Ramesh Verma,6003547712,,EMPLOYEE,EMP-0054,hi
EMP-0449,Suresh Tiwari,6003555631,,EMPLOYEE,EMP-0055,hi
EMP-0450,Anil Lal,6003563550,,EMPLOYEE,EMP-0056,en
EMP-0451,Mohan Yadav,6003571469,,EMPLOYEE,EMP-0057,hi
EMP-0452,Vikas Devi,6003579388,,EMPLOYEE,EMP-0058,hi
EMP-0453,Rakesh Singh,6003587307,,EMPLOYEE,EMP-0059,en
EMP-0454,Dinesh Pandey,6003595226,,EMPLOYEE,EMP-0060,hi
EMP-0455,Manoj Gupta,6003603145,,EMPLOYEE,EMP-0061,hi
EMP-0456,Sunita Kumar,6003611064,,EMPLOYEE,EMP-0062,en
EMP-0457,Kavita Prasad,6003618983,,EMPLOYEE,EMP-0063,hi
EMP-0458,Rekha Sharma,6003626902,,EMPLOYEE,EMP-0064,hi
EMP-0459,Pooja Mishra,6003634821,,EMPLOYEE,EMP-0065,en
EMP-0460,Amit Verma,6003642740,,EMPLOYEE,EMP-0066,hi
EMP-0461,Sanjay Tiwari,6003650659,,EMPLOYEE,EMP-0067,hi
EMP-0462,Deepak Lal,6003658578,,EMPLOYEE,EMP-0068,en
EMP-0463,Rajesh Yadav,6003666497,,EMPLOYEE,EMP-0069,hi
EMP-0464,Ramesh Devi,6003674416,,EMPLOYEE,EMP-0070,hi
EMP-0465,Suresh Singh,6003682335,,EMPLOYEE,EMP-0071,en
EMP-0466,Anil Pandey,6003690254,,EMPLOYEE,EMP-0072,hi
EMP-0467,Mohan Gupta,6003698173,,EMPLOYEE,EMP-0073,hi
EMP-0468,Vikas Kumar,6003706092,,EMPLOYEE,EMP-0074,en
EMP-0469,Rakesh Prasad,6003714011,,EMPLOYEE,EMP-0075,hi
EMP-0470,Dinesh Sharma,6003721930,,EMPLOYEE,EMP-0076,hi
EMP-0471,Manoj Mishra,6003729849,,EMPLOYEE,EMP-0077,en
EMP-0472,Sunita Verma,6003737768,,EMPLOYEE,EMP-0078,hi
EMP-0473,Kavita Tiwari,6003745687,,EMPLOYEE,EMP-0079,hi
EMP-0474,Rekha Lal,6003753606,,EMPLOYEE,EMP-0080,en
EMP-0475,Pooja Yadav,6003761525,,EMPLOYEE,EMP-0081,hi
EMP-0476,Amit Devi,6003769444,,EMPLOYEE,EMP-0082,hi
EMP-0477,Sanjay Singh,6003777363,,EMPLOYEE,EMP-0083,en
EMP-0478,Deepak Pandey,6003785282,,EMPLOYEE,EMP-0084,hi
EMP-0479,Rajesh Gupta,6003793201,,EMPLOYEE,EMP-0085,hi
EMP-0480,Ramesh Kumar,6003801120,,EMPLOYEE,EMP-0006,en
EMP-0481,Suresh Prasad,6003809039,,EMPLOYEE,EMP-0007,hi
EMP-0482,Anil Sharma,6003816958,,EMPLOYEE,EMP-0008,hi
EMP-0483,Mohan Mishra,6003824877,,EMPLOYEE,EMP-0009,en
EMP-0484,Vikas Verma,6003832796,,EMPLOYEE,EMP-0010,hi
EMP-0485,Rakesh Tiwari,6003840715,,EMPLOYEE,EMP-0011,hi
EMP-0486,Dinesh Lal,6003848634,,EMPLOYEE,EMP-0012,en
EMP-0487,Manoj Yadav,6003856553,,EMPLOYEE,EMP-0013,hi
EMP-0488,Sunita Devi,6003864472,,EMPLOYEE,EMP-0014,hi
EMP-0489,Kavita Singh,6003872391,,EMPLOYEE,EMP-0015,en
EMP-0490,Rekha Pandey,6003880310,,EMPLOYEE,EMP-0016,hi
EMP-0491,Pooja Gupta,6003888229,,EMPLOYEE,EMP-0017,hi
EMP-0492,Amit Kumar,6003896148,,EMPLOYEE,EMP-0018,en
EMP-0493,Sanjay Prasad,6003904067,,EMPLOYEE,EMP-0019,hi
EMP-0494,Deepak Sharma,6003911986,,EMPLOYEE,EMP-0020,hi
EMP-0495,Rajesh Mishra,6003919905,,EMPLOYEE,EMP-0021,en
EMP-0496,Ramesh Verma,6003927824,,EMPLOYEE,EMP-0022,hi
EMP-0497,Suresh Tiwari,6003935743,,EMPLOYEE,EMP-0023,hi
EMP-0498,Anil Lal,6003943662,,EMPLOYEE,EMP-0024,en
EMP-0499,Mohan Yadav,6003951581,,EMPLOYEE,EMP-0025,hi
EMP-0500,Vikas Devi,6003959500,,EMPLOYEE,EMP-0026,hi
EMP-0501,Rakesh Singh,6003967419,,EMPLOYEE,EMP-0027,en
EMP-0502,Dinesh Pandey,6003975338,,EMPLOYEE,EMP-0028,hi
EMP-0503,Manoj Gupta,6003983257,,EMPLOYEE,EMP-0029,hi
EMP-0504,Sunita Kumar,6003991176,,EMPLOYEE,EMP-0030,en
EMP-0505,Kavita Prasad,6003999095,,EMPLOYEE,EMP-0031,hi
EMP-0506,Rekha Sharma,6004007014,,EMPLOYEE,EMP-0032,hi
EMP-0507,Pooja Mishra,6004014933,,EMPLOYEE,EMP-0033,en
EMP-0508,Amit Verma,6004022852,,EMPLOYEE,EMP-0034,hi
EMP-0509,Sanjay Tiwari,6004030771,,EMPLOYEE,EMP-0035,hi
EMP-0510,Deepak Lal,6004038690,,EMPLOYEE,EMP-0036,en
EMP-0511,Rajesh Yadav,6004046609,,EMPLOYEE,EMP-0037,hi
EMP-0512,Ramesh Devi,6004054528,,EMPLOYEE,EMP-0038,hi
EMP-0513,Suresh Singh,6004062447,,EMPLOYEE,EMP-0039,en
EMP-0514,Anil Pandey,6004070366,,EMPLOYEE,EMP-0040,hi
EMP-0515,Mohan Gupta,6004078285,,EMPLOYEE,EMP-0041,hi
EMP-0516,Vikas Kumar,6004086204,,EMPLOYEE,EMP-0042,en
EMP-0517,Rakesh Prasad,6004094123,,EMPLOYEE,EMP-0043,hi
EMP-0518,Dinesh Sharma,6004102042,,EMPLOYEE,EMP-0044,hi
EMP-0519,Manoj Mishra,6004109961,,EMPLOYEE,EMP-0045,en
EMP-0520,Sunita Verma,6004117880,,EMPLOYEE,EMP-0046,hi
EMP-0521,Kavita Tiwari,6004125799,,EMPLOYEE,EMP-0047,hi
EMP-0522,Rekha Lal,6004133718,,EMPLOYEE,EMP-0048,en
EMP-0523,Pooja Yadav,6004141637,,EMPLOYEE,EMP-0049,hi
EMP-0524,Amit Devi,6004149556,,EMPLOYEE,EMP-0050,hi
EMP-0525,Sanjay Singh,6004157475,,EMPLOYEE,EMP-0051,en
EMP-0526,Deepak Pandey,6004165394,,EMPLOYEE,EMP-0052,hi
EMP-0527,Rajesh Gupta,6004173313,,EMPLOYEE,EMP-0053,hi
EMP-0528,Ramesh Kumar,6004181232,,EMPLOYEE,EMP-0054,en
EMP-0529,Suresh Prasad,6004189151,,EMPLOYEE,EMP-0055,hi
EMP-0530,Anil Sharma,6004197070,,EMPLOYEE,EMP-0056,hi
EMP-0531,Mohan Mishra,6004204989,,EMPLOYEE,EMP-0057,en
EMP-0532,Vikas Verma,6004212908,,EMPLOYEE,EMP-0058,hi
EMP-0533,Rakesh Tiwari,6004220827,,EMPLOYEE,EMP-0059,hi
EMP-0534,Dinesh Lal,6004228746,,EMPLOYEE,EMP-0060,en
EMP-0535,Manoj Yadav,6004236665,,EMPLOYEE,EMP-0061,hi
EMP-0536,Sunita Devi,6004244584,,EMPLOYEE,EMP-0062,hi
EMP-0537,Kavita Singh,6004252503,,EMPLOYEE,EMP-0063,en
EMP-0538,Rekha Pandey,6004260422,,EMPLOYEE,EMP-0064,hi
EMP-0539,Pooja Gupta,6004268341,,EMPLOYEE,EMP-0065,hi
EMP-0540,Amit Kumar,6004276260,,EMPLOYEE,EMP-0066,en
EMP-0541,Sanjay Prasad,6004284179,,EMPLOYEE,EMP-0067,hi
EMP-0542,Deepak Sharma,6004292098,,EMPLOYEE,EMP-0068,hi
EMP-0543,Rajesh Mishra,6004300017,,EMPLOYEE,EMP-0069,en
EMP-0544,Ramesh Verma,6004307936,,EMPLOYEE,EMP-0070,hi
EMP-0545,Suresh Tiwari,6004315855,,EMPLOYEE,EMP-0071,hi
EMP-0546,Anil Lal,6004323774,,EMPLOYEE,EMP-0072,en
EMP-0547,Mohan Yadav,6004331693,,EMPLOYEE,EMP-0073,hi
EMP-0548,Vikas Devi,6004339612,,EMPLOYEE,EMP-0074,hi
EMP-0549,Rakesh Singh,6004347531,,EMPLOYEE,EMP-0075,en
EMP-0550,Dinesh Pandey,6004355450,,EMPLOYEE,EMP-0076,hi
EMP-0551,Manoj Gupta,6004363369,,EMPLOYEE,EMP-0077,hi
EMP-0552,Sunita Kumar,6004371288,,EMPLOYEE,EMP-0078,en
EMP-0553,Kavita Prasad,6004379207,,EMPLOYEE,EMP-0079,hi
EMP-0554,Rekha Sharma,6004387126,,EMPLOYEE,EMP-0080,hi
EMP-0555,Pooja Mishra,6004395045,,EMPLOYEE,EMP-0081,en
EMP-0556,Amit Verma,6004402964,,EMPLOYEE,EMP-0082,hi
EMP-0557,Sanjay Tiwari,6004410883,,EMPLOYEE,EMP-0083,hi
EMP-0558,Deepak Lal,6004418802,,EMPLOYEE,EMP-0084,en
EMP-0559,Rajesh Yadav,6004426721,,EMPLOYEE,EMP-0085,hi
EMP-0560,Ramesh Devi,6004434640,,EMPLOYEE,EMP-0006,hi
EMP-0561,Suresh Singh,6004442559,,EMPLOYEE,EMP-0007,en
EMP-0562,Anil Pandey,6004450478,,EMPLOYEE,EMP-0008,hi
EMP-0563,Mohan Gupta,6004458397,,EMPLOYEE,EMP-0009,hi
EMP-0564,Vikas Kumar,6004466316,,EMPLOYEE,EMP-0010,en
EMP-0565,Rakesh Prasad,6004474235,,EMPLOYEE,EMP-0011,hi
EMP-0566,Dinesh Sharma,6004482154,,EMPLOYEE,EMP-0012,hi
EMP-0567,Manoj Mishra,6004490073,,EMPLOYEE,EMP-0013,en
EMP-0568,Sunita Verma,6004497992,,EMPLOYEE,EMP-0014,hi
EMP-0569,Kavita Tiwari,6004505911,,EMPLOYEE,EMP-0015,hi
EMP-0570,Rekha Lal,6004513830,,EMPLOYEE,EMP-0016,en
EMP-0571,Pooja Yadav,6004521749,,EMPLOYEE,EMP-0017,hi
EMP-0572,Amit Devi,6004529668,,EMPLOYEE,EMP-0018,hi
EMP-0573,Sanjay Singh,6004537587,,EMPLOYEE,EMP-0019,en
EMP-0574,Deepak Pandey,6004545506,,EMPLOYEE,EMP-0020,hi
EMP-0575,Rajesh Gupta,6004553425,,EMPLOYEE,EMP-0021,hi
EMP-0576,Ramesh Kumar,6004561344,,EMPLOYEE,EMP-0022,en
EMP-0577,Suresh Prasad,6004569263,,EMPLOYEE,EMP-0023,hi
EMP-0578,Anil Sharma,6004577182,,EMPLOYEE,EMP-0024,hi
EMP-0579,Mohan Mishra,6004585101,,EMPLOYEE,EMP-0025,en
EMP-0580,Vikas Verma,6004593020,,EMPLOYEE,EMP-0026,hi
EMP-0581,Rakesh Tiwari,6004600939,,EMPLOYEE,EMP-0027,hi
EMP-0582,Dinesh Lal,6004608858,,EMPLOYEE,EMP-0028,en
EMP-0583,Manoj Yadav,6004616777,,EMPLOYEE,EMP-0029,hi
EMP-0584,Sunita Devi,6004624696,,EMPLOYEE,EMP-0030,hi
EMP-0585,Kavita Singh,6004632615,,EMPLOYEE,EMP-0031,en
EMP-0586,Rekha Pandey,6004640534,,EMPLOYEE,EMP-0032,hi
EMP-0587,Pooja Gupta,6004648453,,EMPLOYEE,EMP-0033,hi
EMP-0588,Amit Kumar,6004656372,,EMPLOYEE,EMP-0034,en
EMP-0589,Sanjay Prasad,6004664291,,EMPLOYEE,EMP-0035,hi
EMP-0590,Deepak Sharma,6004672210,,EMPLOYEE,EMP-0036,hi
EMP-0591,Rajesh Mishra,6004680129,,EMPLOYEE,EMP-0037,en
EMP-0592,Ramesh Verma,6004688048,,EMPLOYEE,EMP-0038,hi
EMP-0593,Suresh Tiwari,6004695967,,EMPLOYEE,EMP-0039,hi
EMP-0594,Anil Lal,6004703886,,EMPLOYEE,EMP-0040,en
EMP-0595,Mohan Yadav,6004711805,,EMPLOYEE,EMP-0041,hi
EMP-0596,Vikas Devi,6004719724,,EMPLOYEE,EMP-0042,hi
EMP-0597,Rakesh Singh,6004727643,,EMPLOYEE,EMP-0043,en
EMP-0598,Dinesh Pandey,6004735562,,EMPLOYEE,EMP-0044,hi
EMP-0599,Manoj Gupta,6004743481,,EMPLOYEE,EMP-0045,hi
EMP-0600,Sunita Kumar,6004751400,,EMPLOYEE,EMP-0046,en
EMP-0601,Kavita Prasad,6004759319,,EMPLOYEE,EMP-0047,hi
EMP-0602,Rekha Sharma,6004767238,,EMPLOYEE,EMP-0048,hi
EMP-0603,Pooja Mishra,6004775157,,EMPLOYEE,EMP-0049,en
EMP-0604,Amit Verma,6004783076,,EMPLOYEE,EMP-0050,hi
EMP-0605,Sanjay Tiwari,6004790995,,EMPLOYEE,EMP-0051,hi
EMP-0606,Deepak Lal,6004798914,,EMPLOYEE,EMP-0052,en
EMP-0607,Rajesh Yadav,6004806833,,EMPLOYEE,EMP-0053,hi
EMP-0608,Ramesh Devi,6004814752,,EMPLOYEE,EMP-0054,hi
EMP-0609,Suresh Singh,6004822671,,EMPLOYEE,EMP-0055,en
EMP-0610,Anil Pandey,6004830590,,EMPLOYEE,EMP-0056,hi
EMP-0611,Mohan Gupta,6004838509,,EMPLOYEE,EMP-0057,hi
EMP-0612,Vikas Kumar,6004846428,,EMPLOYEE,EMP-0058,en
EMP-0613,Rakesh Prasad,6004854347,,EMPLOYEE,EMP-0059,hi
EMP-0614,Dinesh Sharma,6004862266,,EMPLOYEE,EMP-0060,hi
EMP-0615,Manoj Mishra,6004870185,,EMPLOYEE,EMP-0061,en
EMP-0616,Sunita Verma,6004878104,,EMPLOYEE,EMP-0062,hi
EMP-0617,Kavita Tiwari,6004886023,,EMPLOYEE,EMP-0063,hi
EMP-0618,Rekha Lal,6004893942,,EMPLOYEE,EMP-0064,en
EMP-0619,Pooja Yadav,6004901861,,EMPLOYEE,EMP-0065,hi
EMP-0620,Amit Devi,6004909780,,EMPLOYEE,EMP-0066,hi
EMP-0621,Sanjay Singh,6004917699,,EMPLOYEE,EMP-0067,en
EMP-0622,Deepak Pandey,6004925618,,EMPLOYEE,EMP-0068,hi
EMP-0623,Rajesh Gupta,6004933537,,EMPLOYEE,EMP-0069,hi
EMP-0624,Ramesh Kumar,6004941456,,EMPLOYEE,EMP-0070,en
EMP-0625,Suresh Prasad,6004949375,,EMPLOYEE,EMP-0071,hi
EMP-0626,Anil Sharma,6004957294,,EMPLOYEE,EMP-0072,hi
EMP-0627,Mohan Mishra,6004965213,,EMPLOYEE,EMP-0073,en
EMP-0628,Vikas Verma,6004973132,,EMPLOYEE,EMP-0074,hi
EMP-0629,Rakesh Tiwari,6004981051,,EMPLOYEE,EMP-0075,hi
EMP-0630,Dinesh Lal,6004988970,,EMPLOYEE,EMP-0076,en
EMP-0631,Manoj Yadav,6004996889,,EMPLOYEE,EMP-0077,hi
EMP-0632,Sunita Devi,6005004808,,EMPLOYEE,EMP-0078,hi
EMP-0633,Kavita Singh,6005012727,,EMPLOYEE,EMP-0079,en
EMP-0634,Rekha Pandey,6005020646,,EMPLOYEE,EMP-0080,hi
EMP-0635,Pooja Gupta,6005028565,,EMPLOYEE,EMP-0081,hi
EMP-0636,Amit Kumar,6005036484,,EMPLOYEE,EMP-0082,en
EMP-0637,Sanjay Prasad,6005044403,,EMPLOYEE,EMP-0083,hi
EMP-0638,Deepak Sharma,6005052322,,EMPLOYEE,EMP-0084,hi
EMP-0639,Rajesh Mishra,6005060241,,EMPLOYEE,EMP-0085,en
EMP-0640,Ramesh Verma,6005068160,,EMPLOYEE,EMP-0006,hi
EMP-0641,Suresh Tiwari,6005076079,,EMPLOYEE,EMP-0007,hi
EMP-0642,Anil Lal,6005083998,,EMPLOYEE,EMP-0008,en
EMP-0643,Mohan Yadav,6005091917,,EMPLOYEE,EMP-0009,hi
EMP-0644,Vikas Devi,6005099836,,EMPLOYEE,EMP-0010,hi
EMP-0645,Rakesh Singh,6005107755,,EMPLOYEE,EMP-0011,en
EMP-0646,Dinesh Pandey,6005115674,,EMPLOYEE,EMP-0012,hi
EMP-0647,Manoj Gupta,6005123593,,EMPLOYEE,EMP-0013,hi
EMP-0648,Sunita Kumar,6005131512,,EMPLOYEE,EMP-0014,en
EMP-0649,Kavita Prasad,6005139431,,EMPLOYEE,EMP-0015,hi
EMP-0650,Rekha Sharma,6005147350,,EMPLOYEE,EMP-0016,hi
EMP-0651,Pooja Mishra,6005155269,,EMPLOYEE,EMP-0017,en
EMP-0652,Amit Verma,6005163188,,EMPLOYEE,EMP-0018,hi
EMP-0653,Sanjay Tiwari,6005171107,,EMPLOYEE,EMP-0019,hi
EMP-0654,Deepak Lal,6005179026,,EMPLOYEE,EMP-0020,en
EMP-0655,Rajesh Yadav,6005186945,,EMPLOYEE,EMP-0021,hi
EMP-0656,Ramesh Devi,6005194864,,EMPLOYEE,EMP-0022,hi
EMP-0657,Suresh Singh,6005202783,,EMPLOYEE,EMP-0023,en
EMP-0658,Anil Pandey,6005210702,,EMPLOYEE,EMP-0024,hi
EMP-0659,Mohan Gupta,6005218621,,EMPLOYEE,EMP-0025,hi
EMP-0660,Vikas Kumar,6005226540,,EMPLOYEE,EMP-0026,en
EMP-0661,Rakesh Prasad,6005234459,,EMPLOYEE,EMP-0027,hi
EMP-0662,Dinesh Sharma,6005242378,,EMPLOYEE,EMP-0028,hi
EMP-0663,Manoj Mishra,6005250297,,EMPLOYEE,EMP-0029,en
EMP-0664,Sunita Verma,6005258216,,EMPLOYEE,EMP-0030,hi
EMP-0665,Kavita Tiwari,6005266135,,EMPLOYEE,EMP-0031,hi
EMP-0666,Rekha Lal,6005274054,,EMPLOYEE,EMP-0032,en
EMP-0667,Pooja Yadav,6005281973,,EMPLOYEE,EMP-0033,hi
EMP-0668,Amit Devi,6005289892,,EMPLOYEE,EMP-0034,hi
EMP-0669,Sanjay Singh,6005297811,,EMPLOYEE,EMP-0035,en
EMP-0670,Deepak Pandey,6005305730,,EMPLOYEE,EMP-0036,hi
EMP-0671,Rajesh Gupta,6005313649,,EMPLOYEE,EMP-0037,hi
EMP-0672,Ramesh Kumar,6005321568,,EMPLOYEE,EMP-0038,en
EMP-0673,Suresh Prasad,6005329487,,EMPLOYEE,EMP-0039,hi
EMP-0674,Anil Sharma,6005337406,,EMPLOYEE,EMP-0040,hi
EMP-0675,Mohan Mishra,6005345325,,EMPLOYEE,EMP-0041,en
EMP-0676,Vikas Verma,6005353244,,EMPLOYEE,EMP-0042,hi
EMP-0677,Rakesh Tiwari,6005361163,,EMPLOYEE,EMP-0043,hi
EMP-0678,Dinesh Lal,6005369082,,EMPLOYEE,EMP-0044,en
EMP-0679,Manoj Yadav,6005377001,,EMPLOYEE,EMP-0045,hi
EMP-0680,Sunita Devi,6005384920,,EMPLOYEE,EMP-0046,hi
EMP-0681,Kavita Singh,6005392839,,EMPLOYEE,EMP-0047,en
EMP-0682,Rekha Pandey,6005400758,,EMPLOYEE,EMP-0048,hi
EMP-0683,Pooja Gupta,6005408677,,EMPLOYEE,EMP-0049,hi
EMP-0684,Amit Kumar,6005416596,,EMPLOYEE,EMP-0050,en
EMP-0685,Sanjay Prasad,6005424515,,EMPLOYEE,EMP-0051,hi
EMP-0686,Deepak Sharma,6005432434,,EMPLOYEE,EMP-0052,hi
EMP-0687,Rajesh Mishra,6005440353,,EMPLOYEE,EMP-0053,en
EMP-0688,Ramesh Verma,6005448272,,EMPLOYEE,EMP-0054,hi
EMP-0689,Suresh Tiwari,6005456191,,EMPLOYEE,EMP-0055,hi
EMP-0690,Anil Lal,6005464110,,EMPLOYEE,EMP-0056,en
EMP-0691,Mohan Yadav,6005472029,,EMPLOYEE,EMP-0057,hi
EMP-0692,Vikas Devi,6005479948,,EMPLOYEE,EMP-0058,hi
EMP-0693,Rakesh Singh,6005487867,,EMPLOYEE,EMP-0059,en
EMP-0694,Dinesh Pandey,6005495786,,EMPLOYEE,EMP-0060,hi
EMP-0695,Manoj Gupta,6005503705,,EMPLOYEE,EMP-0061,hi
EMP-0696,Sunita Kumar,6005511624,,EMPLOYEE,EMP-0062,en
EMP-0697,Kavita Prasad,6005519543,,EMPLOYEE,EMP-0063,hi
EMP-0698,Rekha Sharma,6005527462,,EMPLOYEE,EMP-0064,hi
EMP-0699,Pooja Mishra,6005535381,,EMPLOYEE,EMP-0065,en
EMP-0700,Amit Verma,6005543300,,EMPLOYEE,EMP-0066,hi
EMP-0701,Sanjay Tiwari,6005551219,,EMPLOYEE,EMP-0067,hi
EMP-0702,Deepak Lal,6005559138,,EMPLOYEE,EMP-0068,en
EMP-0703,Rajesh Yadav,6005567057,,EMPLOYEE,EMP-0069,hi
EMP-0704,Ramesh Devi,6005574976,,EMPLOYEE,EMP-0070,hi
EMP-0705,Suresh Singh,6005582895,,EMPLOYEE,EMP-0071,en
EMP-0706,Anil Pandey,6005590814,,EMPLOYEE,EMP-0072,hi
EMP-0707,Mohan Gupta,6005598733,,EMPLOYEE,EMP-0073,hi
EMP-0708,Vikas Kumar,6005606652,,EMPLOYEE,EMP-0074,en
EMP-0709,Rakesh Prasad,6005614571,,EMPLOYEE,EMP-0075,hi
EMP-0710,Dinesh Sharma,6005622490,,EMPLOYEE,EMP-0076,hi
EMP-0711,Manoj Mishra,6005630409,,EMPLOYEE,EMP-0077,en
EMP-0712,Sunita Verma,6005638328,,EMPLOYEE,EMP-0078,hi
EMP-0713,Kavita Tiwari,6005646247,,EMPLOYEE,EMP-0079,hi
EMP-0714,Rekha Lal,6005654166,,EMPLOYEE,EMP-0080,en
EMP-0715,Pooja Yadav,6005662085,,EMPLOYEE,EMP-0081,hi
EMP-0716,Amit Devi,6005670004,,EMPLOYEE,EMP-0082,hi
EMP-0717,Sanjay Singh,6005677923,,EMPLOYEE,EMP-0083,en
EMP-0718,Deepak Pandey,6005685842,,EMPLOYEE,EMP-0084,hi
EMP-0719,Rajesh Gupta,6005693761,,EMPLOYEE,EMP-0085,hi
EMP-0720,Ramesh Kumar,6005701680,,EMPLOYEE,EMP-0006,en
EMP-0721,Suresh Prasad,6005709599,,EMPLOYEE,EMP-0007,hi
EMP-0722,Anil Sharma,6005717518,,EMPLOYEE,EMP-0008,hi
EMP-0723,Mohan Mishra,6005725437,,EMPLOYEE,EMP-0009,en
EMP-0724,Vikas Verma,6005733356,,EMPLOYEE,EMP-0010,hi
EMP-0725,Rakesh Tiwari,6005741275,,EMPLOYEE,EMP-0011,hi
EMP-0726,Dinesh Lal,6005749194,,EMPLOYEE,EMP-0012,en
EMP-0727,Manoj Yadav,6005757113,,EMPLOYEE,EMP-0013,hi
EMP-0728,Sunita Devi,6005765032,,EMPLOYEE,EMP-0014,hi
EMP-0729,Kavita Singh,6005772951,,EMPLOYEE,EMP-0015,en
EMP-0730,Rekha Pandey,6005780870,,EMPLOYEE,EMP-0016,hi
EMP-0731,Pooja Gupta,6005788789,,EMPLOYEE,EMP-0017,hi
EMP-0732,Amit Kumar,6005796708,,EMPLOYEE,EMP-0018,en
EMP-0733,Sanjay Prasad,6005804627,,EMPLOYEE,EMP-0019,hi
EMP-0734,Deepak Sharma,6005812546,,EMPLOYEE,EMP-0020,hi
EMP-0735,Rajesh Mishra,6005820465,,EMPLOYEE,EMP-0021,en
EMP-0736,Ramesh Verma,6005828384,,EMPLOYEE,EMP-0022,hi
EMP-0737,Suresh Tiwari,6005836303,,EMPLOYEE,EMP-0023,hi
EMP-0738,Anil Lal,6005844222,,EMPLOYEE,EMP-0024,en
EMP-0739,Mohan Yadav,6005852141,,EMPLOYEE,EMP-0025,hi
EMP-0740,Vikas Devi,6005860060,,EMPLOYEE,EMP-0026,hi
EMP-0741,Rakesh Singh,6005867979,,EMPLOYEE,EMP-0027,en
EMP-0742,Dinesh Pandey,6005875898,,EMPLOYEE,EMP-0028,hi
EMP-0743,Manoj Gupta,6005883817,,EMPLOYEE,EMP-0029,hi
EMP-0744,Sunita Kumar,6005891736,,EMPLOYEE,EMP-0030,en
EMP-0745,Kavita Prasad,6005899655,,EMPLOYEE,EMP-0031,hi
EMP-0746,Rekha Sharma,6005907574,,EMPLOYEE,EMP-0032,hi
EMP-0747,Pooja Mishra,6005915493,,EMPLOYEE,EMP-0033,en
EMP-0748,Amit Verma,6005923412,,EMPLOYEE,EMP-0034,hi
EMP-0749,Sanjay Tiwari,6005931331,,EMPLOYEE,EMP-0035,hi
EMP-0750,Deepak Lal,6005939250,,EMPLOYEE,EMP-0036,en
EMP-0751,Rajesh Yadav,6005947169,,EMPLOYEE,EMP-0037,hi
EMP-0752,Ramesh Devi,6005955088,,EMPLOYEE,EMP-0038,hi
EMP-0753,Suresh Singh,6005963007,,EMPLOYEE,EMP-0039,en
EMP-0754,Anil Pandey,6005970926,,EMPLOYEE,EMP-0040,hi
EMP-0755,Mohan Gupta,6005978845,,EMPLOYEE,EMP-0041,hi
EMP-0756,Vikas Kumar,6005986764,,EMPLOYEE,EMP-0042,en
EMP-0757,Rakesh Prasad,6005994683,,EMPLOYEE,EMP-0043,hi
EMP-0758,Dinesh Sharma,6006002602,,EMPLOYEE,EMP-0044,hi
EMP-0759,Manoj Mishra,6006010521,,EMPLOYEE,EMP-0045,en
EMP-0760,Sunita Verma,6006018440,,EMPLOYEE,EMP-0046,hi
EMP-0761,Kavita Tiwari,6006026359,,EMPLOYEE,EMP-0047,hi
EMP-0762,Rekha Lal,6006034278,,EMPLOYEE,EMP-0048,en
EMP-0763,Pooja Yadav,6006042197,,EMPLOYEE,EMP-0049,hi
EMP-0764,Amit Devi,6006050116,,EMPLOYEE,EMP-0050,hi
EMP-0765,Sanjay Singh,6006058035,,EMPLOYEE,EMP-0051,en
EMP-0766,Deepak Pandey,6006065954,,EMPLOYEE,EMP-0052,hi
EMP-0767,Rajesh Gupta,6006073873,,EMPLOYEE,EMP-0053,hi
EMP-0768,Ramesh Kumar,6006081792,,EMPLOYEE,EMP-0054,en
EMP-0769,Suresh Prasad,6006089711,,EMPLOYEE,EMP-0055,hi
EMP-0770,Anil Sharma,6006097630,,EMPLOYEE,EMP-0056,hi
EMP-0771,Mohan Mishra,6006105549,,EMPLOYEE,EMP-0057,en
EMP-0772,Vikas Verma,6006113468,,EMPLOYEE,EMP-0058,hi
EMP-0773,Rakesh Tiwari,6006121387,,EMPLOYEE,EMP-0059,hi
EMP-0774,Dinesh Lal,6006129306,,EMPLOYEE,EMP-0060,en
EMP-0775,Manoj Yadav,6006137225,,EMPLOYEE,EMP-0061,hi
EMP-0776,Sunita Devi,6006145144,,EMPLOYEE,EMP-0062,hi
EMP-0777,Kavita Singh,6006153063,,EMPLOYEE,EMP-0063,en
EMP-0778,Rekha Pandey,6006160982,,EMPLOYEE,EMP-0064,hi
EMP-0779,Pooja Gupta,6006168901,,EMPLOYEE,EMP-0065,hi
EMP-0780,Amit Kumar,6006176820,,EMPLOYEE,EMP-0066,en
EMP-0781,Sanjay Prasad,6006184739,,EMPLOYEE,EMP-0067,hi
EMP-0782,Deepak Sharma,6006192658,,EMPLOYEE,EMP-0068,hi
EMP-0783,Rajesh Mishra,6006200577,,EMPLOYEE,EMP-0069,en
EMP-0784,Ramesh Verma,6006208496,,EMPLOYEE,EMP-0070,hi
EMP-0785,Suresh Tiwari,6006216415,,EMPLOYEE,EMP-0071,hi
EMP-0786,Anil Lal,6006224334,,EMPLOYEE,EMP-0072,en
EMP-0787,Mohan Yadav,6006232253,,EMPLOYEE,EMP-0073,hi
EMP-0788,Vikas Devi,6006240172,,EMPLOYEE,EMP-0074,hi
EMP-0789,Rakesh Singh,6006248091,,EMPLOYEE,EMP-0075,en
EMP-0790,Dinesh Pandey,6006256010,,EMPLOYEE,EMP-0076,hi
EMP-0791,Manoj Gupta,6006263929,,EMPLOYEE,EMP-0077,hi
EMP-0792,Sunita Kumar,6006271848,,EMPLOYEE,EMP-0078,en
EMP-0793,Kavita Prasad,6006279767,,EMPLOYEE,EMP-0079,hi
EMP-0794,Rekha Sharma,6006287686,,EMPLOYEE,EMP-0080,hi
EMP-0795,Pooja Mishra,6006295605,,EMPLOYEE,EMP-0081,en
EMP-0796,Amit Verma,6006303524,,EMPLOYEE,EMP-0082,hi
EMP-0797,Sanjay Tiwari,6006311443,,EMPLOYEE,EMP-0083,hi
EMP-0798,Deepak Lal,6006319362,,EMPLOYEE,EMP-0084,en
EMP-0799,Rajesh Yadav,6006327281,,EMPLOYEE,EMP-0085,hi
EMP-0800,Ramesh Devi,6006335200,,EMPLOYEE,EMP-0006,hi
EMP-0801,Suresh Singh,6006343119,,EMPLOYEE,EMP-0007,en
EMP-0802,Anil Pandey,6006351038,,EMPLOYEE,EMP-0008,hi
EMP-0803,Mohan Gupta,6006358957,,EMPLOYEE,EMP-0009,hi
EMP-0804,Vikas Kumar,6006366876,,EMPLOYEE,EMP-0010,en
EMP-0805,Rakesh Prasad,6006374795,,EMPLOYEE,EMP-0011,hi
EMP-0806,Dinesh Sharma,6006382714,,EMPLOYEE,EMP-0012,hi
EMP-0807,Manoj Mishra,6006390633,,EMPLOYEE,EMP-0013,en
EMP-0808,Sunita Verma,6006398552,,EMPLOYEE,EMP-0014,hi
EMP-0809,Kavita Tiwari,6006406471,,EMPLOYEE,EMP-0015,hi
EMP-0810,Rekha Lal,6006414390,,EMPLOYEE,EMP-0016,en
EMP-0811,Pooja Yadav,6006422309,,EMPLOYEE,EMP-0017,hi
EMP-0812,Amit Devi,6006430228,,EMPLOYEE,EMP-0018,hi
EMP-0813,Sanjay Singh,6006438147,,EMPLOYEE,EMP-0019,en
EMP-0814,Deepak Pandey,6006446066,,EMPLOYEE,EMP-0020,hi
EMP-0815,Rajesh Gupta,6006453985,,EMPLOYEE,EMP-0021,hi
EMP-0816,Ramesh Kumar,6006461904,,EMPLOYEE,EMP-0022,en
EMP-0817,Suresh Prasad,6006469823,,EMPLOYEE,EMP-0023,hi
EMP-0818,Anil Sharma,6006477742,,EMPLOYEE,EMP-0024,hi
EMP-0819,Mohan Mishra,6006485661,,EMPLOYEE,EMP-0025,en
EMP-0820,Vikas Verma,6006493580,,EMPLOYEE,EMP-0026,hi
EMP-0821,Rakesh Tiwari,6006501499,,EMPLOYEE,EMP-0027,hi
EMP-0822,Dinesh Lal,6006509418,,EMPLOYEE,EMP-0028,en
EMP-0823,Manoj Yadav,6006517337,,EMPLOYEE,EMP-0029,hi
EMP-0824,Sunita Devi,6006525256,,EMPLOYEE,EMP-0030,hi
EMP-0825,Kavita Singh,6006533175,,EMPLOYEE,EMP-0031,en
EMP-0826,Rekha Pandey,6006541094,,EMPLOYEE,EMP-0032,hi
EMP-0827,Pooja Gupta,6006549013,,EMPLOYEE,EMP-0033,hi
EMP-0828,Amit Kumar,6006556932,,EMPLOYEE,EMP-0034,en
EMP-0829,Sanjay Prasad,6006564851,,EMPLOYEE,EMP-0035,hi
EMP-0830,Deepak Sharma,6006572770,,EMPLOYEE,EMP-0036,hi
EMP-0831,Rajesh Mishra,6006580689,,EMPLOYEE,EMP-0037,en
EMP-0832,Ramesh Verma,6006588608,,EMPLOYEE,EMP-0038,hi
EMP-0833,Suresh Tiwari,6006596527,,EMPLOYEE,EMP-0039,hi
EMP-0834,Anil Lal,6006604446,,EMPLOYEE,EMP-0040,en
EMP-0835,Mohan Yadav,6006612365,,EMPLOYEE,EMP-0041,hi
EMP-0836,Vikas Devi,6006620284,,EMPLOYEE,EMP-0042,hi
EMP-0837,Rakesh Singh,6006628203,,EMPLOYEE,EMP-0043,en
EMP-0838,Dinesh Pandey,6006636122,,EMPLOYEE,EMP-0044,hi
EMP-0839,Manoj Gupta,6006644041,,EMPLOYEE,EMP-0045,hi
EMP-0840,Sunita Kumar,6006651960,,EMPLOYEE,EMP-0046,en
EMP-0841,Kavita Prasad,6006659879,,EMPLOYEE,EMP-0047,hi
EMP-0842,Rekha Sharma,6006667798,,EMPLOYEE,EMP-0048,hi
EMP-0843,Pooja Mishra,6006675717,,EMPLOYEE,EMP-0049,en
EMP-0844,Amit Verma,6006683636,,EMPLOYEE,EMP-0050,hi
EMP-0845,Sanjay Tiwari,6006691555,,EMPLOYEE,EMP-0051,hi
EMP-0846,Deepak Lal,6006699474,,EMPLOYEE,EMP-0052,en
EMP-0847,Rajesh Yadav,6006707393,,EMPLOYEE,EMP-0053,hi
EMP-0848,Ramesh Devi,6006715312,,EMPLOYEE,EMP-0054,hi
EMP-0849,Suresh Singh,6006723231,,EMPLOYEE,EMP-0055,en
EMP-0850,Anil Pandey,6006731150,,EMPLOYEE,EMP-0056,hi
EMP-0851,Mohan Gupta,6006739069,,EMPLOYEE,EMP-0057,hi
EMP-0852,Vikas Kumar,6006746988,,EMPLOYEE,EMP-0058,en
EMP-0853,Rakesh Prasad,6006754907,,EMPLOYEE,EMP-0059,hi
EMP-0854,Dinesh Sharma,6006762826,,EMPLOYEE,EMP-0060,hi
EMP-0855,Manoj Mishra,6006770745,,EMPLOYEE,EMP-0061,en
EMP-0856,Sunita Verma,6006778664,,EMPLOYEE,EMP-0062,hi
EMP-0857,Kavita Tiwari,6006786583,,EMPLOYEE,EMP-0063,hi
EMP-0858,Rekha Lal,6006794502,,EMPLOYEE,EMP-0064,en
EMP-0859,Pooja Yadav,6006802421,,EMPLOYEE,EMP-0065,hi
EMP-0860,Amit Devi,6006810340,,EMPLOYEE,EMP-0066,hi
EMP-0861,Sanjay Singh,6006818259,,EMPLOYEE,EMP-0067,en
EMP-0862,Deepak Pandey,6006826178,,EMPLOYEE,EMP-0068,hi
EMP-0863,Rajesh Gupta,6006834097,,EMPLOYEE,EMP-0069,hi
EMP-0864,Ramesh Kumar,6006842016,,EMPLOYEE,EMP-0070,en
EMP-0865,Suresh Prasad,6006849935,,EMPLOYEE,EMP-0071,hi
EMP-0866,Anil Sharma,6006857854,,EMPLOYEE,EMP-0072,hi
EMP-0867,Mohan Mishra,6006865773,,EMPLOYEE,EMP-0073,en
EMP-0868,Vikas Verma,6006873692,,EMPLOYEE,EMP-0074,hi
EMP-0869,Rakesh Tiwari,6006881611,,EMPLOYEE,EMP-0075,hi
EMP-0870,Dinesh Lal,6006889530,,EMPLOYEE,EMP-0076,en
EMP-0871,Manoj Yadav,6006897449,,EMPLOYEE,EMP-0077,hi
EMP-0872,Sunita Devi,6006905368,,EMPLOYEE,EMP-0078,hi
EMP-0873,Kavita Singh,6006913287,,EMPLOYEE,EMP-0079,en
EMP-0874,Rekha Pandey,6006921206,,EMPLOYEE,EMP-0080,hi
EMP-0875,Pooja Gupta,6006929125,,EMPLOYEE,EMP-0081,hi
EMP-0876,Amit Kumar,6006937044,,EMPLOYEE,EMP-0082,en
EMP-0877,Sanjay Prasad,6006944963,,EMPLOYEE,EMP-0083,hi
EMP-0878,Deepak Sharma,6006952882,,EMPLOYEE,EMP-0084,hi
EMP-0879,Rajesh Mishra,6006960801,,EMPLOYEE,EMP-0085,en
EMP-0880,Ramesh Verma,6006968720,,EMPLOYEE,EMP-0006,hi
EMP-0881,Suresh Tiwari,6006976639,,EMPLOYEE,EMP-0007,hi
EMP-0882,Anil Lal,6006984558,,EMPLOYEE,EMP-0008,en
EMP-0883,Mohan Yadav,6006992477,,EMPLOYEE,EMP-0009,hi
EMP-0884,Vikas Devi,6007000396,,EMPLOYEE,EMP-0010,hi
EMP-0885,Rakesh Singh,6007008315,,EMPLOYEE,EMP-0011,en
EMP-0886,Dinesh Pandey,6007016234,,EMPLOYEE,EMP-0012,hi
EMP-0887,Manoj Gupta,6007024153,,EMPLOYEE,EMP-0013,hi
EMP-0888,Sunita Kumar,6007032072,,EMPLOYEE,EMP-0014,en
EMP-0889,Kavita Prasad,6007039991,,EMPLOYEE,EMP-0015,hi
EMP-0890,Rekha Sharma,6007047910,,EMPLOYEE,EMP-0016,hi
EMP-0891,Pooja Mishra,6007055829,,EMPLOYEE,EMP-0017,en
EMP-0892,Amit Verma,6007063748,,EMPLOYEE,EMP-0018,hi
EMP-0893,Sanjay Tiwari,6007071667,,EMPLOYEE,EMP-0019,hi
EMP-0894,Deepak Lal,6007079586,,EMPLOYEE,EMP-0020,en
EMP-0895,Rajesh Yadav,6007087505,,EMPLOYEE,EMP-0021,hi
EMP-0896,Ramesh Devi,6007095424,,EMPLOYEE,EMP-0022,hi
EMP-0897,Suresh Singh,6007103343,,EMPLOYEE,EMP-0023,en
EMP-0898,Anil Pandey,6007111262,,EMPLOYEE,EMP-0024,hi
EMP-0899,Mohan Gupta,6007119181,,EMPLOYEE,EMP-0025,hi
EMP-0900,Vikas Kumar,6007127100,,EMPLOYEE,EMP-0026,en
EMP-0901,Rakesh Prasad,6007135019,,EMPLOYEE,EMP-0027,hi
EMP-0902,Dinesh Sharma,6007142938,,EMPLOYEE,EMP-0028,hi
EMP-0903,Manoj Mishra,6007150857,,EMPLOYEE,EMP-0029,en
EMP-0904,Sunita Verma,6007158776,,EMPLOYEE,EMP-0030,hi
EMP-0905,Kavita Tiwari,6007166695,,EMPLOYEE,EMP-0031,hi
EMP-0906,Rekha Lal,6007174614,,EMPLOYEE,EMP-0032,en
EMP-0907,Pooja Yadav,6007182533,,EMPLOYEE,EMP-0033,hi
EMP-0908,Amit Devi,6007190452,,EMPLOYEE,EMP-0034,hi
EMP-0909,Sanjay Singh,6007198371,,EMPLOYEE,EMP-0035,en
EMP-0910,Deepak Pandey,6007206290,,EMPLOYEE,EMP-0036,hi
EMP-0911,Rajesh Gupta,6007214209,,EMPLOYEE,EMP-0037,hi
EMP-0912,Ramesh Kumar,6007222128,,EMPLOYEE,EMP-0038,en
EMP-0913,Suresh Prasad,6007230047,,EMPLOYEE,EMP-0039,hi
EMP-0914,Anil Sharma,6007237966,,EMPLOYEE,EMP-0040,hi
EMP-0915,Mohan Mishra,6007245885,,EMPLOYEE,EMP-0041,en
EMP-0916,Vikas Verma,6007253804,,EMPLOYEE,EMP-0042,hi
EMP-0917,Rakesh Tiwari,6007261723,,EMPLOYEE,EMP-0043,hi
EMP-0918,Dinesh Lal,6007269642,,EMPLOYEE,EMP-0044,en
EMP-0919,Manoj Yadav,6007277561,,EMPLOYEE,EMP-0045,hi
EMP-0920,Sunita Devi,6007285480,,EMPLOYEE,EMP-0046,hi
EMP-0921,Kavita Singh,6007293399,,EMPLOYEE,EMP-0047,en
EMP-0922,Rekha Pandey,6007301318,,EMPLOYEE,EMP-0048,hi
EMP-0923,Pooja Gupta,6007309237,,EMPLOYEE,EMP-0049,hi
EMP-0924,Amit Kumar,6007317156,,EMPLOYEE,EMP-0050,en
EMP-0925,Sanjay Prasad,6007325075,,EMPLOYEE,EMP-0051,hi
EMP-0926,Deepak Sharma,6007332994,,EMPLOYEE,EMP-0052,hi
EMP-0927,Rajesh Mishra,6007340913,,EMPLOYEE,EMP-0053,en
EMP-0928,Ramesh Verma,6007348832,,EMPLOYEE,EMP-0054,hi
EMP-0929,Suresh Tiwari,6007356751,,EMPLOYEE,EMP-0055,hi
EMP-0930,Anil Lal,6007364670,,EMPLOYEE,EMP-0056,en
EMP-0931,Mohan Yadav,6007372589,,EMPLOYEE,EMP-0057,hi
EMP-0932,Vikas Devi,6007380508,,EMPLOYEE,EMP-0058,hi
EMP-0933,Rakesh Singh,6007388427,,EMPLOYEE,EMP-0059,en
EMP-0934,Dinesh Pandey,6007396346,,EMPLOYEE,EMP-0060,hi
EMP-0935,Manoj Gupta,6007404265,,EMPLOYEE,EMP-0061,hi
EMP-0936,Sunita Kumar,6007412184,,EMPLOYEE,EMP-0062,en
EMP-0937,Kavita Prasad,6007420103,,EMPLOYEE,EMP-0063,hi
EMP-0938,Rekha Sharma,6007428022,,EMPLOYEE,EMP-0064,hi
EMP-0939,Pooja Mishra,6007435941,,EMPLOYEE,EMP-0065,en
EMP-0940,Amit Verma,6007443860,,EMPLOYEE,EMP-0066,hi
EMP-0941,Sanjay Tiwari,6007451779,,EMPLOYEE,EMP-0067,hi
EMP-0942,Deepak Lal,6007459698,,EMPLOYEE,EMP-0068,en
EMP-0943,Rajesh Yadav,6007467617,,EMPLOYEE,EMP-0069,hi
EMP-0944,Ramesh Devi,6007475536,,EMPLOYEE,EMP-0070,hi
EMP-0945,Suresh Singh,6007483455,,EMPLOYEE,EMP-0071,en
EMP-0946,Anil Pandey,6007491374,,EMPLOYEE,EMP-0072,hi
EMP-0947,Mohan Gupta,6007499293,,EMPLOYEE,EMP-0073,hi
EMP-0948,Vikas Kumar,6007507212,,EMPLOYEE,EMP-0074,en
EMP-0949,Rakesh Prasad,6007515131,,EMPLOYEE,EMP-0075,hi
EMP-0950,Dinesh Sharma,6007523050,,EMPLOYEE,EMP-0076,hi
EMP-0951,Manoj Mishra,6007530969,,EMPLOYEE,EMP-0077,en
EMP-0952,Sunita Verma,6007538888,,EMPLOYEE,EMP-0078,hi
EMP-0953,Kavita Tiwari,6007546807,,EMPLOYEE,EMP-0079,hi
EMP-0954,Rekha Lal,6007554726,,EMPLOYEE,EMP-0080,en
EMP-0955,Pooja Yadav,6007562645,,EMPLOYEE,EMP-0081,hi
EMP-0956,Amit Devi,6007570564,,EMPLOYEE,EMP-0082,hi
EMP-0957,Sanjay Singh,6007578483,,EMPLOYEE,EMP-0083,en
EMP-0958,Deepak Pandey,6007586402,,EMPLOYEE,EMP-0084,hi
EMP-0959,Rajesh Gupta,6007594321,,EMPLOYEE,EMP-0085,hi
EMP-0960,Ramesh Kumar,6007602240,,EMPLOYEE,EMP-0006,en
EMP-0961,Suresh Prasad,6007610159,,EMPLOYEE,EMP-0007,hi
EMP-0962,Anil Sharma,6007618078,,EMPLOYEE,EMP-0008,hi
EMP-0963,Mohan Mishra,6007625997,,EMPLOYEE,EMP-0009,en
EMP-0964,Vikas Verma,6007633916,,EMPLOYEE,EMP-0010,hi
EMP-0965,Rakesh Tiwari,6007641835,,EMPLOYEE,EMP-0011,hi
EMP-0966,Dinesh Lal,6007649754,,EMPLOYEE,EMP-0012,en
EMP-0967,Manoj Yadav,6007657673,,EMPLOYEE,EMP-0013,hi
EMP-0968,Sunita Devi,6007665592,,EMPLOYEE,EMP-0014,hi
EMP-0969,Kavita Singh,6007673511,,EMPLOYEE,EMP-0015,en
EMP-0970,Rekha Pandey,6007681430,,EMPLOYEE,EMP-0016,hi
EMP-0971,Pooja Gupta,6007689349,,EMPLOYEE,EMP-0017,hi
EMP-0972,Amit Kumar,6007697268,,EMPLOYEE,EMP-0018,en
EMP-0973,Sanjay Prasad,6007705187,,EMPLOYEE,EMP-0019,hi
EMP-0974,Deepak Sharma,6007713106,,EMPLOYEE,EMP-0020,hi
EMP-0975,Rajesh Mishra,6007721025,,EMPLOYEE,EMP-0021,en
EMP-0976,Ramesh Verma,6007728944,,EMPLOYEE,EMP-0022,hi
EMP-0977,Suresh Tiwari,6007736863,,EMPLOYEE,EMP-0023,hi
EMP-0978,Anil Lal,6007744782,,EMPLOYEE,EMP-0024,en
EMP-0979,Mohan Yadav,6007752701,,EMPLOYEE,EMP-0025,hi
EMP-0980,Vikas Devi,6007760620,,EMPLOYEE,EMP-0026,hi
EMP-0981,Rakesh Singh,6007768539,,EMPLOYEE,EMP-0027,en
EMP-0982,Dinesh Pandey,6007776458,,EMPLOYEE,EMP-0028,hi
EMP-0983,Manoj Gupta,6007784377,,EMPLOYEE,EMP-0029,hi
EMP-0984,Sunita Kumar,6007792296,,EMPLOYEE,EMP-0030,en
EMP-0985,Kavita Prasad,6007800215,,EMPLOYEE,EMP-0031,hi
EMP-0986,Rekha Sharma,6007808134,,EMPLOYEE,EMP-0032,hi
EMP-0987,Pooja Mishra,6007816053,,EMPLOYEE,EMP-0033,en
EMP-0988,Amit Verma,6007823972,,EMPLOYEE,EMP-0034,hi
EMP-0989,Sanjay Tiwari,6007831891,,EMPLOYEE,EMP-0035,hi
EMP-0990,Deepak Lal,6007839810,,EMPLOYEE,EMP-0036,en
EMP-0991,Rajesh Yadav,6007847729,,EMPLOYEE,EMP-0037,hi
EMP-0992,Ramesh Devi,6007855648,,EMPLOYEE,EMP-0038,hi
EMP-0993,Suresh Singh,6007863567,,EMPLOYEE,EMP-0039,en
EMP-0994,Anil Pandey,6007871486,,EMPLOYEE,EMP-0040,hi
EMP-0995,Mohan Gupta,6007879405,,EMPLOYEE,EMP-0041,hi
EMP-0996,Vikas Kumar,6007887324,,EMPLOYEE,EMP-0042,en
EMP-0997,Rakesh Prasad,6007895243,,EMPLOYEE,EMP-0043,hi
EMP-0998,Dinesh Sharma,6007903162,,EMPLOYEE,EMP-0044,hi
EMP-0999,Manoj Mishra,6007911081,,EMPLOYEE,EMP-0045,en
EMP-1000,Sunita Verma,6007919000,,EMPLOYEE,EMP-0046,hi
EMP-1001,Kavita Tiwari,6007926919,,EMPLOYEE,EMP-0047,hi
EMP-1002,Rekha Lal,6007934838,,EMPLOYEE,EMP-0048,en
EMP-1003,Pooja Yadav,6007942757,,EMPLOYEE,EMP-0049,hi
EMP-1004,Amit Devi,6007950676,,EMPLOYEE,EMP-0050,hi
EMP-1005,Sanjay Singh,6007958595,,EMPLOYEE,EMP-0051,en
EMP-1006,Deepak Pandey,6007966514,,EMPLOYEE,EMP-0052,hi
EMP-1007,Rajesh Gupta,6007974433,,EMPLOYEE,EMP-0053,hi
EMP-1008,Ramesh Kumar,6007982352,,EMPLOYEE,EMP-0054,en
EMP-1009,Suresh Prasad,6007990271,,EMPLOYEE,EMP-0055,hi
EMP-1010,Anil Sharma,6007998190,,EMPLOYEE,EMP-0056,hi
EMP-1011,Mohan Mishra,6008006109,,EMPLOYEE,EMP-0057,en
EMP-1012,Vikas Verma,6008014028,,EMPLOYEE,EMP-0058,hi
EMP-1013,Rakesh Tiwari,6008021947,,EMPLOYEE,EMP-0059,hi
EMP-1014,Dinesh Lal,6008029866,,EMPLOYEE,EMP-0060,en
EMP-1015,Manoj Yadav,6008037785,,EMPLOYEE,EMP-0061,hi
EMP-1016,Sunita Devi,6008045704,,EMPLOYEE,EMP-0062,hi
EMP-1017,Kavita Singh,6008053623,,EMPLOYEE,EMP-0063,en
EMP-1018,Rekha Pandey,6008061542,,EMPLOYEE,EMP-0064,hi
EMP-1019,Pooja Gupta,6008069461,,EMPLOYEE,EMP-0065,hi
EMP-1020,Amit Kumar,6008077380,,EMPLOYEE,EMP-0066,en
EMP-1021,Sanjay Prasad,6008085299,,EMPLOYEE,EMP-0067,hi
EMP-1022,Deepak Sharma,6008093218,,EMPLOYEE,EMP-0068,hi
EMP-1023,Rajesh Mishra,6008101137,,EMPLOYEE,EMP-0069,en
EMP-1024,Ramesh Verma,6008109056,,EMPLOYEE,EMP-0070,hi
EMP-1025,Suresh Tiwari,6008116975,,EMPLOYEE,EMP-0071,hi
EMP-1026,Anil Lal,6008124894,,EMPLOYEE,EMP-0072,en
EMP-1027,Mohan Yadav,6008132813,,EMPLOYEE,EMP-0073,hi
EMP-1028,Vikas Devi,6008140732,,EMPLOYEE,EMP-0074,hi
EMP-1029,Rakesh Singh,6008148651,,EMPLOYEE,EMP-0075,en
EMP-1030,Dinesh Pandey,6008156570,,EMPLOYEE,EMP-0076,hi
EMP-1031,Manoj Gupta,6008164489,,EMPLOYEE,EMP-0077,hi
EMP-1032,Sunita Kumar,6008172408,,EMPLOYEE,EMP-0078,en
EMP-1033,Kavita Prasad,6008180327,,EMPLOYEE,EMP-0079,hi
EMP-1034,Rekha Sharma,6008188246,,EMPLOYEE,EMP-0080,hi
EMP-1035,Pooja Mishra,6008196165,,EMPLOYEE,EMP-0081,en
EMP-1036,Amit Verma,6008204084,,EMPLOYEE,EMP-0082,hi
EMP-1037,Sanjay Tiwari,6008212003,,EMPLOYEE,EMP-0083,hi
EMP-1038,Deepak Lal,6008219922,,EMPLOYEE,EMP-0084,en
EMP-1039,Rajesh Yadav,6008227841,,EMPLOYEE,EMP-0085,hi
EMP-1040,Ramesh Devi,6008235760,,EMPLOYEE,EMP-0006,hi
EMP-1041,Suresh Singh,6008243679,,EMPLOYEE,EMP-0007,en
EMP-1042,Anil Pandey,6008251598,,EMPLOYEE,EMP-0008,hi
EMP-1043,Mohan Gupta,6008259517,,EMPLOYEE,EMP-0009,hi
EMP-1044,Vikas Kumar,6008267436,,EMPLOYEE,EMP-0010,en
EMP-1045,Rakesh Prasad,6008275355,,EMPLOYEE,EMP-0011,hi
EMP-1046,Dinesh Sharma,6008283274,,EMPLOYEE,EMP-0012,hi
EMP-1047,Manoj Mishra,6008291193,,EMPLOYEE,EMP-0013,en
EMP-1048,Sunita Verma,6008299112,,EMPLOYEE,EMP-0014,hi
EMP-1049,Kavita Tiwari,6008307031,,EMPLOYEE,EMP-0015,hi
EMP-1050,Rekha Lal,6008314950,,EMPLOYEE,EMP-0016,en
EMP-1051,Pooja Yadav,6008322869,,EMPLOYEE,EMP-0017,hi
EMP-1052,Amit Devi,6008330788,,EMPLOYEE,EMP-0018,hi
EMP-1053,Sanjay Singh,6008338707,,EMPLOYEE,EMP-0019,en
EMP-1054,Deepak Pandey,6008346626,,EMPLOYEE,EMP-0020,hi
EMP-1055,Rajesh Gupta,6008354545,,EMPLOYEE,EMP-0021,hi
EMP-1056,Ramesh Kumar,6008362464,,EMPLOYEE,EMP-0022,en
EMP-1057,Suresh Prasad,6008370383,,EMPLOYEE,EMP-0023,hi
EMP-1058,Anil Sharma,6008378302,,EMPLOYEE,EMP-0024,hi
EMP-1059,Mohan Mishra,6008386221,,EMPLOYEE,EMP-0025,en
EMP-1060,Vikas Verma,6008394140,,EMPLOYEE,EMP-0026,hi
EMP-1061,Rakesh Tiwari,6008402059,,EMPLOYEE,EMP-0027,hi
EMP-1062,Dinesh Lal,6008409978,,EMPLOYEE,EMP-0028,en
EMP-1063,Manoj Yadav,6008417897,,EMPLOYEE,EMP-0029,hi
EMP-1064,Sunita Devi,6008425816,,EMPLOYEE,EMP-0030,hi
EMP-1065,Kavita Singh,6008433735,,EMPLOYEE,EMP-0031,en
EMP-1066,Rekha Pandey,6008441654,,EMPLOYEE,EMP-0032,hi
EMP-1067,Pooja Gupta,6008449573,,EMPLOYEE,EMP-0033,hi
EMP-1068,Amit Kumar,6008457492,,EMPLOYEE,EMP-0034,en
EMP-1069,Sanjay Prasad,6008465411,,EMPLOYEE,EMP-0035,hi
EMP-1070,Deepak Sharma,6008473330,,EMPLOYEE,EMP-0036,hi
EMP-1071,Rajesh Mishra,6008481249,,EMPLOYEE,EMP-0037,en
EMP-1072,Ramesh Verma,6008489168,,EMPLOYEE,EMP-0038,hi
EMP-1073,Suresh Tiwari,6008497087,,EMPLOYEE,EMP-0039,hi
EMP-1074,Anil Lal,6008505006,,EMPLOYEE,EMP-0040,en
EMP-1075,Mohan Yadav,6008512925,,EMPLOYEE,EMP-0041,hi
EMP-1076,Vikas Devi,6008520844,,EMPLOYEE,EMP-0042,hi
EMP-1077,Rakesh Singh,6008528763,,EMPLOYEE,EMP-0043,en
EMP-1078,Dinesh Pandey,6008536682,,EMPLOYEE,EMP-0044,hi
EMP-1079,Manoj Gupta,6008544601,,EMPLOYEE,EMP-0045,hi
EMP-1080,Sunita Kumar,6008552520,,EMPLOYEE,EMP-0046,en
EMP-1081,Kavita Prasad,6008560439,,EMPLOYEE,EMP-0047,hi
EMP-1082,Rekha Sharma,6008568358,,EMPLOYEE,EMP-0048,hi
EMP-1083,Pooja Mishra,6008576277,,EMPLOYEE,EMP-0049,en
EMP-1084,Amit Verma,6008584196,,EMPLOYEE,EMP-0050,hi
EMP-1085,Sanjay Tiwari,6008592115,,EMPLOYEE,EMP-0051,hi
EMP-1086,Deepak Lal,6008600034,,EMPLOYEE,EMP-0052,en
EMP-1087,Rajesh Yadav,6008607953,,EMPLOYEE,EMP-0053,hi
EMP-1088,Ramesh Devi,6008615872,,EMPLOYEE,EMP-0054,hi
EMP-1089,Suresh Singh,6008623791,,EMPLOYEE,EMP-0055,en
EMP-1090,Anil Pandey,6008631710,,EMPLOYEE,EMP-0056,hi
EMP-1091,Mohan Gupta,6008639629,,EMPLOYEE,EMP-0057,hi
EMP-1092,Vikas Kumar,6008647548,,EMPLOYEE,EMP-0058,en
EMP-1093,Rakesh Prasad,6008655467,,EMPLOYEE,EMP-0059,hi
EMP-1094,Dinesh Sharma,6008663386,,EMPLOYEE,EMP-0060,hi
EMP-1095,Manoj Mishra,6008671305,,EMPLOYEE,EMP-0061,en
EMP-1096,Sunita Verma,6008679224,,EMPLOYEE,EMP-0062,hi
EMP-1097,Kavita Tiwari,6008687143,,EMPLOYEE,EMP-0063,hi
EMP-1098,Rekha Lal,6008695062,,EMPLOYEE,EMP-0064,en
EMP-1099,Pooja Yadav,6008702981,,EMPLOYEE,EMP-0065,hi
EMP-1100,Amit Devi,6008710900,,EMPLOYEE,EMP-0066,hi
EMP-1101,Sanjay Singh,6008718819,,EMPLOYEE,EMP-0067,en
EMP-1102,Deepak Pandey,6008726738,,EMPLOYEE,EMP-0068,hi
EMP-1103,Rajesh Gupta,6008734657,,EMPLOYEE,EMP-0069,hi
EMP-1104,Ramesh Kumar,6008742576,,EMPLOYEE,EMP-0070,en
EMP-1105,Suresh Prasad,6008750495,,EMPLOYEE,EMP-0071,hi
EMP-1106,Anil Sharma,6008758414,,EMPLOYEE,EMP-0072,hi
EMP-1107,Mohan Mishra,6008766333,,EMPLOYEE,EMP-0073,en
EMP-1108,Vikas Verma,6008774252,,EMPLOYEE,EMP-0074,hi
EMP-1109,Rakesh Tiwari,6008782171,,EMPLOYEE,EMP-0075,hi
EMP-1110,Dinesh Lal,6008790090,,EMPLOYEE,EMP-0076,en
EMP-1111,Manoj Yadav,6008798009,,EMPLOYEE,EMP-0077,hi
EMP-1112,Sunita Devi,6008805928,,EMPLOYEE,EMP-0078,hi
EMP-1113,Kavita Singh,6008813847,,EMPLOYEE,EMP-0079,en
EMP-1114,Rekha Pandey,6008821766,,EMPLOYEE,EMP-0080,hi
EMP-1115,Pooja Gupta,6008829685,,EMPLOYEE,EMP-0081,hi
EMP-1116,Amit Kumar,6008837604,,EMPLOYEE,EMP-0082,en
EMP-1117,Sanjay Prasad,6008845523,,EMPLOYEE,EMP-0083,hi
EMP-1118,Deepak Sharma,6008853442,,EMPLOYEE,EMP-0084,hi
EMP-1119,Rajesh Mishra,6008861361,,EMPLOYEE,EMP-0085,en
EMP-1120,Ramesh Verma,6008869280,,EMPLOYEE,EMP-0006,hi
EMP-1121,Suresh Tiwari,6008877199,,EMPLOYEE,EMP-0007,hi
EMP-1122,Anil Lal,6008885118,,EMPLOYEE,EMP-0008,en
EMP-1123,Mohan Yadav,6008893037,,EMPLOYEE,EMP-0009,hi
EMP-1124,Vikas Devi,6008900956,,EMPLOYEE,EMP-0010,hi
EMP-1125,Rakesh Singh,6008908875,,EMPLOYEE,EMP-0011,en
EMP-1126,Dinesh Pandey,6008916794,,EMPLOYEE,EMP-0012,hi
EMP-1127,Manoj Gupta,6008924713,,EMPLOYEE,EMP-0013,hi
EMP-1128,Sunita Kumar,6008932632,,EMPLOYEE,EMP-0014,en
EMP-1129,Kavita Prasad,6008940551,,EMPLOYEE,EMP-0015,hi
EMP-1130,Rekha Sharma,6008948470,,EMPLOYEE,EMP-0016,hi
EMP-1131,Pooja Mishra,6008956389,,EMPLOYEE,EMP-0017,en
EMP-1132,Amit Verma,6008964308,,EMPLOYEE,EMP-0018,hi
EMP-1133,Sanjay Tiwari,6008972227,,EMPLOYEE,EMP-0019,hi
EMP-1134,Deepak Lal,6008980146,,EMPLOYEE,EMP-0020,en
EMP-1135,Rajesh Yadav,6008988065,,EMPLOYEE,EMP-0021,hi
EMP-1136,Ramesh Devi,6008995984,,EMPLOYEE,EMP-0022,hi
EMP-1137,Suresh Singh,6009003903,,EMPLOYEE,EMP-0023,en
EMP-1138,Anil Pandey,6009011822,,EMPLOYEE,EMP-0024,hi
EMP-1139,Mohan Gupta,6009019741,,EMPLOYEE,EMP-0025,hi
EMP-1140,Vikas Kumar,6009027660,,EMPLOYEE,EMP-0026,en
EMP-1141,Rakesh Prasad,6009035579,,EMPLOYEE,EMP-0027,hi
EMP-1142,Dinesh Sharma,6009043498,,EMPLOYEE,EMP-0028,hi
EMP-1143,Manoj Mishra,6009051417,,EMPLOYEE,EMP-0029,en
EMP-1144,Sunita Verma,6009059336,,EMPLOYEE,EMP-0030,hi
EMP-1145,Kavita Tiwari,6009067255,,EMPLOYEE,EMP-0031,hi
EMP-1146,Rekha Lal,6009075174,,EMPLOYEE,EMP-0032,en
EMP-1147,Pooja Yadav,6009083093,,EMPLOYEE,EMP-0033,hi
EMP-1148,Amit Devi,6009091012,,EMPLOYEE,EMP-0034,hi
EMP-1149,Sanjay Singh,6009098931,,EMPLOYEE,EMP-0035,en
EMP-1150,Deepak Pandey,6009106850,,EMPLOYEE,EMP-0036,hi
EMP-1151,Rajesh Gupta,6009114769,,EMPLOYEE,EMP-0037,hi
EMP-1152,Ramesh Kumar,6009122688,,EMPLOYEE,EMP-0038,en
EMP-1153,Suresh Prasad,6009130607,,EMPLOYEE,EMP-0039,hi
EMP-1154,Anil Sharma,6009138526,,EMPLOYEE,EMP-0040,hi
EMP-1155,Mohan Mishra,6009146445,,EMPLOYEE,EMP-0041,en
EMP-1156,Vikas Verma,6009154364,,EMPLOYEE,EMP-0042,hi
EMP-1157,Rakesh Tiwari,6009162283,,EMPLOYEE,EMP-0043,hi
EMP-1158,Dinesh Lal,6009170202,,EMPLOYEE,EMP-0044,en
EMP-1159,Manoj Yadav,6009178121,,EMPLOYEE,EMP-0045,hi
EMP-1160,Sunita Devi,6009186040,,EMPLOYEE,EMP-0046,hi
EMP-1161,Kavita Singh,6009193959,,EMPLOYEE,EMP-0047,en
EMP-1162,Rekha Pandey,6009201878,,EMPLOYEE,EMP-0048,hi
EMP-1163,Pooja Gupta,6009209797,,EMPLOYEE,EMP-0049,hi
EMP-1164,Amit Kumar,6009217716,,EMPLOYEE,EMP-0050,en
EMP-1165,Sanjay Prasad,6009225635,,EMPLOYEE,EMP-0051,hi
EMP-1166,Deepak Sharma,6009233554,,EMPLOYEE,EMP-0052,hi
EMP-1167,Rajesh Mishra,6009241473,,EMPLOYEE,EMP-0053,en
EMP-1168,Ramesh Verma,6009249392,,EMPLOYEE,EMP-0054,hi
EMP-1169,Suresh Tiwari,6009257311,,EMPLOYEE,EMP-0055,hi
EMP-1170,Anil Lal,6009265230,,EMPLOYEE,EMP-0056,en
EMP-1171,Mohan Yadav,6009273149,,EMPLOYEE,EMP-0057,hi
EMP-1172,Vikas Devi,6009281068,,EMPLOYEE,EMP-0058,hi
EMP-1173,Rakesh Singh,6009288987,,EMPLOYEE,EMP-0059,en
EMP-1174,Dinesh Pandey,6009296906,,EMPLOYEE,EMP-0060,hi
EMP-1175,Manoj Gupta,6009304825,,EMPLOYEE,EMP-0061,hi
EMP-1176,Sunita Kumar,6009312744,,EMPLOYEE,EMP-0062,en
EMP-1177,Kavita Prasad,6009320663,,EMPLOYEE,EMP-0063,hi
EMP-1178,Rekha Sharma,6009328582,,EMPLOYEE,EMP-0064,hi
EMP-1179,Pooja Mishra,6009336501,,EMPLOYEE,EMP-0065,en
EMP-1180,Amit Verma,6009344420,,EMPLOYEE,EMP-0066,hi
EMP-1181,Sanjay Tiwari,6009352339,,EMPLOYEE,EMP-0067,hi
EMP-1182,Deepak Lal,6009360258,,EMPLOYEE,EMP-0068,en
EMP-1183,Rajesh Yadav,6009368177,,EMPLOYEE,EMP-0069,hi
EMP-1184,Ramesh Devi,6009376096,,EMPLOYEE,EMP-0070,hi
EMP-1185,Suresh Singh,6009384015,,EMPLOYEE,EMP-0071,en
EMP-1186,Anil Pandey,6009391934,,EMPLOYEE,EMP-0072,hi
EMP-1187,Mohan Gupta,6009399853,,EMPLOYEE,EMP-0073,hi
EMP-1188,Vikas Kumar,6009407772,,EMPLOYEE,EMP-0074,en
EMP-1189,Rakesh Prasad,6009415691,,EMPLOYEE,EMP-0075,hi
EMP-1190,Dinesh Sharma,6009423610,,EMPLOYEE,EMP-0076,hi
EMP-1191,Manoj Mishra,6009431529,,EMPLOYEE,EMP-0077,en
EMP-1192,Sunita Verma,6009439448,,EMPLOYEE,EMP-0078,hi
EMP-1193,Kavita Tiwari,6009447367,,EMPLOYEE,EMP-0079,hi
EMP-1194,Rekha Lal,6009455286,,EMPLOYEE,EMP-0080,en
EMP-1195,Pooja Yadav,6009463205,,EMPLOYEE,EMP-0081,hi
EMP-1196,Amit Devi,6009471124,,EMPLOYEE,EMP-0082,hi
EMP-1197,Sanjay Singh,6009479043,,EMPLOYEE,EMP-0083,en
EMP-1198,Deepak Pandey,6009486962,,EMPLOYEE,EMP-0084,hi
EMP-1199,Rajesh Gupta,6009494881,,EMPLOYEE,EMP-0085,hi
EMP-1200,Ramesh Kumar,6009502800,,EMPLOYEE,EMP-0006,en
EMP-1201,Suresh Prasad,6009510719,,EMPLOYEE,EMP-0007,hi
EMP-1202,Anil Sharma,6009518638,,EMPLOYEE,EMP-0008,hi
EMP-1203,Mohan Mishra,6009526557,,EMPLOYEE,EMP-0009,en
EMP-1204,Vikas Verma,6009534476,,EMPLOYEE,EMP-0010,hi
EMP-1205,Rakesh Tiwari,6009542395,,EMPLOYEE,EMP-0011,hi
EMP-1206,Dinesh Lal,6009550314,,EMPLOYEE,EMP-0012,en
EMP-1207,Manoj Yadav,6009558233,,EMPLOYEE,EMP-0013,hi
EMP-1208,Sunita Devi,6009566152,,EMPLOYEE,EMP-0014,hi
EMP-1209,Kavita Singh,6009574071,,EMPLOYEE,EMP-0015,en
EMP-1210,Rekha Pandey,6009581990,,EMPLOYEE,EMP-0016,hi
EMP-1211,Pooja Gupta,6009589909,,EMPLOYEE,EMP-0017,hi
EMP-1212,Amit Kumar,6009597828,,EMPLOYEE,EMP-0018,en
EMP-1213,Sanjay Prasad,6009605747,,EMPLOYEE,EMP-0019,hi
EMP-1214,Deepak Sharma,6009613666,,EMPLOYEE,EMP-0020,hi
EMP-1215,Rajesh Mishra,6009621585,,EMPLOYEE,EMP-0021,en
EMP-1216,Ramesh Verma,6009629504,,EMPLOYEE,EMP-0022,hi
EMP-1217,Suresh Tiwari,6009637423,,EMPLOYEE,EMP-0023,hi
EMP-1218,Anil Lal,6009645342,,EMPLOYEE,EMP-0024,en
EMP-1219,Mohan Yadav,6009653261,,EMPLOYEE,EMP-0025,hi
EMP-1220,Vikas Devi,6009661180,,EMPLOYEE,EMP-0026,hi
EMP-1221,Rakesh Singh,6009669099,,EMPLOYEE,EMP-0027,en
EMP-1222,Dinesh Pandey,6009677018,,EMPLOYEE,EMP-0028,hi
EMP-1223,Manoj Gupta,6009684937,,EMPLOYEE,EMP-0029,hi
EMP-1224,Sunita Kumar,6009692856,,EMPLOYEE,EMP-0030,en
EMP-1225,Kavita Prasad,6009700775,,EMPLOYEE,EMP-0031,hi
EMP-1226,Rekha Sharma,6009708694,,EMPLOYEE,EMP-0032,hi
EMP-1227,Pooja Mishra,6009716613,,EMPLOYEE,EMP-0033,en
EMP-1228,Amit Verma,6009724532,,EMPLOYEE,EMP-0034,hi
EMP-1229,Sanjay Tiwari,6009732451,,EMPLOYEE,EMP-0035,hi
EMP-1230,Deepak Lal,6009740370,,EMPLOYEE,EMP-0036,en
EMP-1231,Rajesh Yadav,6009748289,,EMPLOYEE,EMP-0037,hi
EMP-1232,Ramesh Devi,6009756208,,EMPLOYEE,EMP-0038,hi
EMP-1233,Suresh Singh,6009764127,,EMPLOYEE,EMP-0039,en
EMP-1234,Anil Pandey,6009772046,,EMPLOYEE,EMP-0040,hi
EMP-1235,Mohan Gupta,6009779965,,EMPLOYEE,EMP-0041,hi
EMP-1236,Vikas Kumar,6009787884,,EMPLOYEE,EMP-0042,en
EMP-1237,Rakesh Prasad,6009795803,,EMPLOYEE,EMP-0043,hi
EMP-1238,Dinesh Sharma,6009803722,,EMPLOYEE,EMP-0044,hi
EMP-1239,Manoj Mishra,6009811641,,EMPLOYEE,EMP-0045,en
EMP-1240,Sunita Verma,6009819560,,EMPLOYEE,EMP-0046,hi
EMP-1241,Kavita Tiwari,6009827479,,EMPLOYEE,EMP-0047,hi
EMP-1242,Rekha Lal,6009835398,,EMPLOYEE,EMP-0048,en
EMP-1243,Pooja Yadav,6009843317,,EMPLOYEE,EMP-0049,hi
EMP-1244,Amit Devi,6009851236,,EMPLOYEE,EMP-0050,hi
EMP-1245,Sanjay Singh,6009859155,,EMPLOYEE,EMP-0051,en
EMP-1246,Deepak Pandey,6009867074,,EMPLOYEE,EMP-0052,hi
EMP-1247,Rajesh Gupta,6009874993,,EMPLOYEE,EMP-0053,hi
EMP-1248,Ramesh Kumar,6009882912,,EMPLOYEE,EMP-0054,en
EMP-1249,Suresh Prasad,6009890831,,EMPLOYEE,EMP-0055,hi
EMP-1250,Anil Sharma,6009898750,,EMPLOYEE,EMP-0056,hi
EMP-1251,Mohan Mishra,6009906669,,EMPLOYEE,EMP-0057,en
EMP-1252,Vikas Verma,6009914588,,EMPLOYEE,EMP-0058,hi
EMP-1253,Rakesh Tiwari,6009922507,,EMPLOYEE,EMP-0059,hi
EMP-1254,Dinesh Lal,6009930426,,EMPLOYEE,EMP-0060,en
EMP-1255,Manoj Yadav,6009938345,,EMPLOYEE,EMP-0061,hi
EMP-1256,Sunita Devi,6009946264,,EMPLOYEE,EMP-0062,hi
EMP-1257,Kavita Singh,6009954183,,EMPLOYEE,EMP-0063,en
EMP-1258,Rekha Pandey,6009962102,,EMPLOYEE,EMP-0064,hi
EMP-1259,Pooja Gupta,6009970021,,EMPLOYEE,EMP-0065,hi
EMP-1260,Amit Kumar,6009977940,,EMPLOYEE,EMP-0066,en
EMP-1261,Sanjay Prasad,6009985859,,EMPLOYEE,EMP-0067,hi
EMP-1262,Deepak Sharma,6009993778,,EMPLOYEE,EMP-0068,hi
EMP-1263,Rajesh Mishra,6010001697,,EMPLOYEE,EMP-0069,en
EMP-1264,Ramesh Verma,6010009616,,EMPLOYEE,EMP-0070,hi
EMP-1265,Suresh Tiwari,6010017535,,EMPLOYEE,EMP-0071,hi
EMP-1266,Anil Lal,6010025454,,EMPLOYEE,EMP-0072,en
EMP-1267,Mohan Yadav,6010033373,,EMPLOYEE,EMP-0073,hi
EMP-1268,Vikas Devi,6010041292,,EMPLOYEE,EMP-0074,hi
EMP-1269,Rakesh Singh,6010049211,,EMPLOYEE,EMP-0075,en
EMP-1270,Dinesh Pandey,6010057130,,EMPLOYEE,EMP-0076,hi
EMP-1271,Manoj Gupta,6010065049,,EMPLOYEE,EMP-0077,hi
EMP-1272,Sunita Kumar,6010072968,,EMPLOYEE,EMP-0078,en
EMP-1273,Kavita Prasad,6010080887,,EMPLOYEE,EMP-0079,hi
EMP-1274,Rekha Sharma,6010088806,,EMPLOYEE,EMP-0080,hi
EMP-1275,Pooja Mishra,6010096725,,EMPLOYEE,EMP-0081,en
EMP-1276,Amit Verma,6010104644,,EMPLOYEE,EMP-0082,hi
EMP-1277,Sanjay Tiwari,6010112563,,EMPLOYEE,EMP-0083,hi
EMP-1278,Deepak Lal,6010120482,,EMPLOYEE,EMP-0084,en
EMP-1279,Rajesh Yadav,6010128401,,EMPLOYEE,EMP-0085,hi
EMP-1280,Ramesh Devi,6010136320,,EMPLOYEE,EMP-0006,hi
EMP-1281,Suresh Singh,6010144239,,EMPLOYEE,EMP-0007,en
EMP-1282,Anil Pandey,6010152158,,EMPLOYEE,EMP-0008,hi
EMP-1283,Mohan Gupta,6010160077,,EMPLOYEE,EMP-0009,hi
EMP-1284,Vikas Kumar,6010167996,,EMPLOYEE,EMP-0010,en
EMP-1285,Rakesh Prasad,6010175915,,EMPLOYEE,EMP-0011,hi
EMP-1286,Dinesh Sharma,6010183834,,EMPLOYEE,EMP-0012,hi
EMP-1287,Manoj Mishra,6010191753,,EMPLOYEE,EMP-0013,en
EMP-1288,Sunita Verma,6010199672,,EMPLOYEE,EMP-0014,hi
EMP-1289,Kavita Tiwari,6010207591,,EMPLOYEE,EMP-0015,hi
EMP-1290,Rekha Lal,6010215510,,EMPLOYEE,EMP-0016,en
EMP-1291,Pooja Yadav,6010223429,,EMPLOYEE,EMP-0017,hi
EMP-1292,Amit Devi,6010231348,,EMPLOYEE,EMP-0018,hi
EMP-1293,Sanjay Singh,6010239267,,EMPLOYEE,EMP-0019,en
EMP-1294,Deepak Pandey,6010247186,,EMPLOYEE,EMP-0020,hi
EMP-1295,Rajesh Gupta,6010255105,,EMPLOYEE,EMP-0021,hi
EMP-1296,Ramesh Kumar,6010263024,,EMPLOYEE,EMP-0022,en
EMP-1297,Suresh Prasad,6010270943,,EMPLOYEE,EMP-0023,hi
EMP-1298,Anil Sharma,6010278862,,EMPLOYEE,EMP-0024,hi
EMP-1299,Mohan Mishra,6010286781,,EMPLOYEE,EMP-0025,en
EMP-1300,Vikas Verma,6010294700,,EMPLOYEE,EMP-0026,hi
EMP-1301,Rakesh Tiwari,6010302619,,EMPLOYEE,EMP-0027,hi
EMP-1302,Dinesh Lal,6010310538,,EMPLOYEE,EMP-0028,en
EMP-1303,Manoj Yadav,6010318457,,EMPLOYEE,EMP-0029,hi
EMP-1304,Sunita Devi,6010326376,,EMPLOYEE,EMP-0030,hi
EMP-1305,Kavita Singh,6010334295,,EMPLOYEE,EMP-0031,en
EMP-1306,Rekha Pandey,6010342214,,EMPLOYEE,EMP-0032,hi
EMP-1307,Pooja Gupta,6010350133,,EMPLOYEE,EMP-0033,hi
EMP-1308,Amit Kumar,6010358052,,EMPLOYEE,EMP-0034,en
EMP-1309,Sanjay Prasad,6010365971,,EMPLOYEE,EMP-0035,hi
EMP-1310,Deepak Sharma,6010373890,,EMPLOYEE,EMP-0036,hi
EMP-1311,Rajesh Mishra,6010381809,,EMPLOYEE,EMP-0037,en
EMP-1312,Ramesh Verma,6010389728,,EMPLOYEE,EMP-0038,hi
EMP-1313,Suresh Tiwari,6010397647,,EMPLOYEE,EMP-0039,hi
EMP-1314,Anil Lal,6010405566,,EMPLOYEE,EMP-0040,en
EMP-1315,Mohan Yadav,6010413485,,EMPLOYEE,EMP-0041,hi
EMP-1316,Vikas Devi,6010421404,,EMPLOYEE,EMP-0042,hi
EMP-1317,Rakesh Singh,6010429323,,EMPLOYEE,EMP-0043,en
EMP-1318,Dinesh Pandey,6010437242,,EMPLOYEE,EMP-0044,hi
EMP-1319,Manoj Gupta,6010445161,,EMPLOYEE,EMP-0045,hi
EMP-1320,Sunita Kumar,6010453080,,EMPLOYEE,EMP-0046,en
EMP-1321,Kavita Prasad,6010460999,,EMPLOYEE,EMP-0047,hi
EMP-1322,Rekha Sharma,6010468918,,EMPLOYEE,EMP-0048,hi
EMP-1323,Pooja Mishra,6010476837,,EMPLOYEE,EMP-0049,en
EMP-1324,Amit Verma,6010484756,,EMPLOYEE,EMP-0050,hi
EMP-1325,Sanjay Tiwari,6010492675,,EMPLOYEE,EMP-0051,hi
EMP-1326,Deepak Lal,6010500594,,EMPLOYEE,EMP-0052,en
EMP-1327,Rajesh Yadav,6010508513,,EMPLOYEE,EMP-0053,hi
EMP-1328,Ramesh Devi,6010516432,,EMPLOYEE,EMP-0054,hi
EMP-1329,Suresh Singh,6010524351,,EMPLOYEE,EMP-0055,en
EMP-1330,Anil Pandey,6010532270,,EMPLOYEE,EMP-0056,hi
EMP-1331,Mohan Gupta,6010540189,,EMPLOYEE,EMP-0057,hi
EMP-1332,Vikas Kumar,6010548108,,EMPLOYEE,EMP-0058,en
EMP-1333,Rakesh Prasad,6010556027,,EMPLOYEE,EMP-0059,hi
EMP-1334,Dinesh Sharma,6010563946,,EMPLOYEE,EMP-0060,hi
EMP-1335,Manoj Mishra,6010571865,,EMPLOYEE,EMP-0061,en
EMP-1336,Sunita Verma,6010579784,,EMPLOYEE,EMP-0062,hi
EMP-1337,Kavita Tiwari,6010587703,,EMPLOYEE,EMP-0063,hi
EMP-1338,Rekha Lal,6010595622,,EMPLOYEE,EMP-0064,en
EMP-1339,Pooja Yadav,6010603541,,EMPLOYEE,EMP-0065,hi
EMP-1340,Amit Devi,6010611460,,EMPLOYEE,EMP-0066,hi
EMP-1341,Sanjay Singh,6010619379,,EMPLOYEE,EMP-0067,en
EMP-1342,Deepak Pandey,6010627298,,EMPLOYEE,EMP-0068,hi
EMP-1343,Rajesh Gupta,6010635217,,EMPLOYEE,EMP-0069,hi
EMP-1344,Ramesh Kumar,6010643136,,EMPLOYEE,EMP-0070,en
EMP-1345,Suresh Prasad,6010651055,,EMPLOYEE,EMP-0071,hi
EMP-1346,Anil Sharma,6010658974,,EMPLOYEE,EMP-0072,hi
EMP-1347,Mohan Mishra,6010666893,,EMPLOYEE,EMP-0073,en
EMP-1348,Vikas Verma,6010674812,,EMPLOYEE,EMP-0074,hi
EMP-1349,Rakesh Tiwari,6010682731,,EMPLOYEE,EMP-0075,hi
EMP-1350,Dinesh Lal,6010690650,,EMPLOYEE,EMP-0076,en
EMP-1351,Manoj Yadav,6010698569,,EMPLOYEE,EMP-0077,hi
EMP-1352,Sunita Devi,6010706488,,EMPLOYEE,EMP-0078,hi
EMP-1353,Kavita Singh,6010714407,,EMPLOYEE,EMP-0079,en
EMP-1354,Rekha Pandey,6010722326,,EMPLOYEE,EMP-0080,hi
EMP-1355,Pooja Gupta,6010730245,,EMPLOYEE,EMP-0081,hi
EMP-1356,Amit Kumar,6010738164,,EMPLOYEE,EMP-0082,en
EMP-1357,Sanjay Prasad,6010746083,,EMPLOYEE,EMP-0083,hi
EMP-1358,Deepak Sharma,6010754002,,EMPLOYEE,EMP-0084,hi
EMP-1359,Rajesh Mishra,6010761921,,EMPLOYEE,EMP-0085,en
EMP-1360,Ramesh Verma,6010769840,,EMPLOYEE,EMP-0006,hi
EMP-1361,Suresh Tiwari,6010777759,,EMPLOYEE,EMP-0007,hi
EMP-1362,Anil Lal,6010785678,,EMPLOYEE,EMP-0008,en
EMP-1363,Mohan Yadav,6010793597,,EMPLOYEE,EMP-0009,hi
EMP-1364,Vikas Devi,6010801516,,EMPLOYEE,EMP-0010,hi
EMP-1365,Rakesh Singh,6010809435,,EMPLOYEE,EMP-0011,en
EMP-1366,Dinesh Pandey,6010817354,,EMPLOYEE,EMP-0012,hi
EMP-1367,Manoj Gupta,6010825273,,EMPLOYEE,EMP-0013,hi
EMP-1368,Sunita Kumar,6010833192,,EMPLOYEE,EMP-0014,en
EMP-1369,Kavita Prasad,6010841111,,EMPLOYEE,EMP-0015,hi
EMP-1370,Rekha Sharma,6010849030,,EMPLOYEE,EMP-0016,hi
EMP-1371,Pooja Mishra,6010856949,,EMPLOYEE,EMP-0017,en
EMP-1372,Amit Verma,6010864868,,EMPLOYEE,EMP-0018,hi
EMP-1373,Sanjay Tiwari,6010872787,,EMPLOYEE,EMP-0019,hi
EMP-1374,Deepak Lal,6010880706,,EMPLOYEE,EMP-0020,en
EMP-1375,Rajesh Yadav,6010888625,,EMPLOYEE,EMP-0021,hi
EMP-1376,Ramesh Devi,6010896544,,EMPLOYEE,EMP-0022,hi
EMP-1377,Suresh Singh,6010904463,,EMPLOYEE,EMP-0023,en
EMP-1378,Anil Pandey,6010912382,,EMPLOYEE,EMP-0024,hi
EMP-1379,Mohan Gupta,6010920301,,EMPLOYEE,EMP-0025,hi
EMP-1380,Vikas Kumar,6010928220,,EMPLOYEE,EMP-0026,en
EMP-1381,Rakesh Prasad,6010936139,,EMPLOYEE,EMP-0027,hi
EMP-1382,Dinesh Sharma,6010944058,,EMPLOYEE,EMP-0028,hi
EMP-1383,Manoj Mishra,6010951977,,EMPLOYEE,EMP-0029,en
EMP-1384,Sunita Verma,6010959896,,EMPLOYEE,EMP-0030,hi
EMP-1385,Kavita Tiwari,6010967815,,EMPLOYEE,EMP-0031,hi
EMP-1386,Rekha Lal,6010975734,,EMPLOYEE,EMP-0032,en
EMP-1387,Pooja Yadav,6010983653,,EMPLOYEE,EMP-0033,hi
EMP-1388,Amit Devi,6010991572,,EMPLOYEE,EMP-0034,hi
EMP-1389,Sanjay Singh,6010999491,,EMPLOYEE,EMP-0035,en
EMP-1390,Deepak Pandey,6011007410,,EMPLOYEE,EMP-0036,hi
EMP-1391,Rajesh Gupta,6011015329,,EMPLOYEE,EMP-0037,hi
EMP-1392,Ramesh Kumar,6011023248,,EMPLOYEE,EMP-0038,en
EMP-1393,Suresh Prasad,6011031167,,EMPLOYEE,EMP-0039,hi
EMP-1394,Anil Sharma,6011039086,,EMPLOYEE,EMP-0040,hi
EMP-1395,Mohan Mishra,6011047005,,EMPLOYEE,EMP-0041,en
EMP-1396,Vikas Verma,6011054924,,EMPLOYEE,EMP-0042,hi
EMP-1397,Rakesh Tiwari,6011062843,,EMPLOYEE,EMP-0043,hi
EMP-1398,Dinesh Lal,6011070762,,EMPLOYEE,EMP-0044,en
EMP-1399,Manoj Yadav,6011078681,,EMPLOYEE,EMP-0045,hi
EMP-1400,Sunita Devi,6011086600,,EMPLOYEE,EMP-0046,hi
EMP-1401,Kavita Singh,6011094519,,EMPLOYEE,EMP-0047,en
EMP-1402,Rekha Pandey,6011102438,,EMPLOYEE,EMP-0048,hi
EMP-1403,Pooja Gupta,6011110357,,EMPLOYEE,EMP-0049,hi
EMP-1404,Amit Kumar,6011118276,,EMPLOYEE,EMP-0050,en
EMP-1405,Sanjay Prasad,6011126195,,EMPLOYEE,EMP-0051,hi
EMP-1406,Deepak Sharma,6011134114,,EMPLOYEE,EMP-0052,hi
EMP-1407,Rajesh Mishra,6011142033,,EMPLOYEE,EMP-0053,en
EMP-1408,Ramesh Verma,6011149952,,EMPLOYEE,EMP-0054,hi
EMP-1409,Suresh Tiwari,6011157871,,EMPLOYEE,EMP-0055,hi
EMP-1410,Anil Lal,6011165790,,EMPLOYEE,EMP-0056,en
EMP-1411,Mohan Yadav,6011173709,,EMPLOYEE,EMP-0057,hi
EMP-1412,Vikas Devi,6011181628,,EMPLOYEE,EMP-0058,hi
EMP-1413,Rakesh Singh,6011189547,,EMPLOYEE,EMP-0059,en
EMP-1414,Dinesh Pandey,6011197466,,EMPLOYEE,EMP-0060,hi
EMP-1415,Manoj Gupta,6011205385,,EMPLOYEE,EMP-0061,hi
EMP-1416,Sunita Kumar,6011213304,,EMPLOYEE,EMP-0062,en
EMP-1417,Kavita Prasad,6011221223,,EMPLOYEE,EMP-0063,hi
EMP-1418,Rekha Sharma,6011229142,,EMPLOYEE,EMP-0064,hi
EMP-1419,Pooja Mishra,6011237061,,EMPLOYEE,EMP-0065,en
EMP-1420,Amit Verma,6011244980,,EMPLOYEE,EMP-0066,hi
EMP-1421,Sanjay Tiwari,6011252899,,EMPLOYEE,EMP-0067,hi
EMP-1422,Deepak Lal,6011260818,,EMPLOYEE,EMP-0068,en
EMP-1423,Rajesh Yadav,6011268737,,EMPLOYEE,EMP-0069,hi
EMP-1424,Ramesh Devi,6011276656,,EMPLOYEE,EMP-0070,hi
EMP-1425,Suresh Singh,6011284575,,EMPLOYEE,EMP-0071,en
EMP-1426,Anil Pandey,6011292494,,EMPLOYEE,EMP-0072,hi
EMP-1427,Mohan Gupta,6011300413,,EMPLOYEE,EMP-0073,hi
EMP-1428,Vikas Kumar,6011308332,,EMPLOYEE,EMP-0074,en
EMP-1429,Rakesh Prasad,6011316251,,EMPLOYEE,EMP-0075,hi
EMP-1430,Dinesh Sharma,6011324170,,EMPLOYEE,EMP-0076,hi
EMP-1431,Manoj Mishra,6011332089,,EMPLOYEE,EMP-0077,en
EMP-1432,Sunita Verma,6011340008,,EMPLOYEE,EMP-0078,hi
EMP-1433,Kavita Tiwari,6011347927,,EMPLOYEE,EMP-0079,hi
EMP-1434,Rekha Lal,6011355846,,EMPLOYEE,EMP-0080,en
EMP-1435,Pooja Yadav,6011363765,,EMPLOYEE,EMP-0081,hi
EMP-1436,Amit Devi,6011371684,,EMPLOYEE,EMP-0082,hi
EMP-1437,Sanjay Singh,6011379603,,EMPLOYEE,EMP-0083,en
EMP-1438,Deepak Pandey,6011387522,,EMPLOYEE,EMP-0084,hi
EMP-1439,Rajesh Gupta,6011395441,,EMPLOYEE,EMP-0085,hi
EMP-1440,Ramesh Kumar,6011403360,,EMPLOYEE,EMP-0006,en
EMP-1441,Suresh Prasad,6011411279,,EMPLOYEE,EMP-0007,hi
EMP-1442,Anil Sharma,6011419198,,EMPLOYEE,EMP-0008,hi
EMP-1443,Mohan Mishra,6011427117,,EMPLOYEE,EMP-0009,en
EMP-1444,Vikas Verma,6011435036,,EMPLOYEE,EMP-0010,hi
EMP-1445,Rakesh Tiwari,6011442955,,EMPLOYEE,EMP-0011,hi
EMP-1446,Dinesh Lal,6011450874,,EMPLOYEE,EMP-0012,en
EMP-1447,Manoj Yadav,6011458793,,EMPLOYEE,EMP-0013,hi
EMP-1448,Sunita Devi,6011466712,,EMPLOYEE,EMP-0014,hi
EMP-1449,Kavita Singh,6011474631,,EMPLOYEE,EMP-0015,en
EMP-1450,Rekha Pandey,6011482550,,EMPLOYEE,EMP-0016,hi
EMP-1451,Pooja Gupta,6011490469,,EMPLOYEE,EMP-0017,hi
EMP-1452,Amit Kumar,6011498388,,EMPLOYEE,EMP-0018,en
EMP-1453,Sanjay Prasad,6011506307,,EMPLOYEE,EMP-0019,hi
EMP-1454,Deepak Sharma,6011514226,,EMPLOYEE,EMP-0020,hi
EMP-1455,Rajesh Mishra,6011522145,,EMPLOYEE,EMP-0021,en
EMP-1456,Ramesh Verma,6011530064,,EMPLOYEE,EMP-0022,hi
EMP-1457,Suresh Tiwari,6011537983,,EMPLOYEE,EMP-0023,hi
EMP-1458,Anil Lal,6011545902,,EMPLOYEE,EMP-0024,en
EMP-1459,Mohan Yadav,6011553821,,EMPLOYEE,EMP-0025,hi
EMP-1460,Vikas Devi,6011561740,,EMPLOYEE,EMP-0026,hi
EMP-1461,Rakesh Singh,6011569659,,EMPLOYEE,EMP-0027,en
EMP-1462,Dinesh Pandey,6011577578,,EMPLOYEE,EMP-0028,hi
EMP-1463,Manoj Gupta,6011585497,,EMPLOYEE,EMP-0029,hi
EMP-1464,Sunita Kumar,6011593416,,EMPLOYEE,EMP-0030,en
EMP-1465,Kavita Prasad,6011601335,,EMPLOYEE,EMP-0031,hi
EMP-1466,Rekha Sharma,6011609254,,EMPLOYEE,EMP-0032,hi
EMP-1467,Pooja Mishra,6011617173,,EMPLOYEE,EMP-0033,en
EMP-1468,Amit Verma,6011625092,,EMPLOYEE,EMP-0034,hi
EMP-1469,Sanjay Tiwari,6011633011,,EMPLOYEE,EMP-0035,hi
EMP-1470,Deepak Lal,6011640930,,EMPLOYEE,EMP-0036,en
EMP-1471,Rajesh Yadav,6011648849,,EMPLOYEE,EMP-0037,hi
EMP-1472,Ramesh Devi,6011656768,,EMPLOYEE,EMP-0038,hi
EMP-1473,Suresh Singh,6011664687,,EMPLOYEE,EMP-0039,en
EMP-1474,Anil Pandey,6011672606,,EMPLOYEE,EMP-0040,hi
EMP-1475,Mohan Gupta,6011680525,,EMPLOYEE,EMP-0041,hi
EMP-1476,Vikas Kumar,6011688444,,EMPLOYEE,EMP-0042,en
EMP-1477,Rakesh Prasad,6011696363,,EMPLOYEE,EMP-0043,hi
EMP-1478,Dinesh Sharma,6011704282,,EMPLOYEE,EMP-0044,hi
EMP-1479,Manoj Mishra,6011712201,,EMPLOYEE,EMP-0045,en
EMP-1480,Sunita Verma,6011720120,,EMPLOYEE,EMP-0046,hi
EMP-1481,Kavita Tiwari,6011728039,,EMPLOYEE,EMP-0047,hi
EMP-1482,Rekha Lal,6011735958,,EMPLOYEE,EMP-0048,en
EMP-1483,Pooja Yadav,6011743877,,EMPLOYEE,EMP-0049,hi
EMP-1484,Amit Devi,6011751796,,EMPLOYEE,EMP-0050,hi
EMP-1485,Sanjay Singh,6011759715,,EMPLOYEE,EMP-0051,en
EMP-1486,Deepak Pandey,6011767634,,EMPLOYEE,EMP-0052,hi
EMP-1487,Rajesh Gupta,6011775553,,EMPLOYEE,EMP-0053,hi
EMP-1488,Ramesh Kumar,6011783472,,EMPLOYEE,EMP-0054,en
EMP-1489,Suresh Prasad,6011791391,,EMPLOYEE,EMP-0055,hi
EMP-1490,Anil Sharma,6011799310,,EMPLOYEE,EMP-0056,hi
EMP-1491,Mohan Mishra,6011807229,,EMPLOYEE,EMP-0057,en
EMP-1492,Vikas Verma,6011815148,,EMPLOYEE,EMP-0058,hi
EMP-1493,Rakesh Tiwari,6011823067,,EMPLOYEE,EMP-0059,hi
EMP-1494,Dinesh Lal,6011830986,,EMPLOYEE,EMP-0060,en
EMP-1495,Manoj Yadav,6011838905,,EMPLOYEE,EMP-0061,hi
EMP-1496,Sunita Devi,6011846824,,EMPLOYEE,EMP-0062,hi
EMP-1497,Kavita Singh,6011854743,,EMPLOYEE,EMP-0063,en
EMP-1498,Rekha Pandey,6011862662,,EMPLOYEE,EMP-0064,hi
EMP-1499,Pooja Gupta,6011870581,,EMPLOYEE,EMP-0065,hi
EMP-1500,Amit Kumar,6011878500,,EMPLOYEE,EMP-0066,en
EMP-1501,Sanjay Prasad,6011886419,,EMPLOYEE,EMP-0067,hi
EMP-1502,Deepak Sharma,6011894338,,EMPLOYEE,EMP-0068,hi
EMP-1503,Rajesh Mishra,6011902257,,EMPLOYEE,EMP-0069,en
EMP-1504,Ramesh Verma,6011910176,,EMPLOYEE,EMP-0070,hi
EMP-1505,Suresh Tiwari,6011918095,,EMPLOYEE,EMP-0071,hi
EMP-1506,Anil Lal,6011926014,,EMPLOYEE,EMP-0072,en
EMP-1507,Mohan Yadav,6011933933,,EMPLOYEE,EMP-0073,hi
EMP-1508,Vikas Devi,6011941852,,EMPLOYEE,EMP-0074,hi
EMP-1509,Rakesh Singh,6011949771,,EMPLOYEE,EMP-0075,en
EMP-1510,Dinesh Pandey,6011957690,,EMPLOYEE,EMP-0076,hi
EMP-1511,Manoj Gupta,6011965609,,EMPLOYEE,EMP-0077,hi
EMP-1512,Sunita Kumar,6011973528,,EMPLOYEE,EMP-0078,en
EMP-1513,Kavita Prasad,6011981447,,EMPLOYEE,EMP-0079,hi
EMP-1514,Rekha Sharma,6011989366,,EMPLOYEE,EMP-0080,hi
EMP-1515,Pooja Mishra,6011997285,,EMPLOYEE,EMP-0081,en
EMP-1516,Amit Verma,6012005204,,EMPLOYEE,EMP-0082,hi
EMP-1517,Sanjay Tiwari,6012013123,,EMPLOYEE,EMP-0083,hi
EMP-1518,Deepak Lal,6012021042,,EMPLOYEE,EMP-0084,en
EMP-1519,Rajesh Yadav,6012028961,,EMPLOYEE,EMP-0085,hi
EMP-1520,Ramesh Devi,6012036880,,EMPLOYEE,EMP-0006,hi
EMP-1521,Suresh Singh,6012044799,,EMPLOYEE,EMP-0007,en
EMP-1522,Anil Pandey,6012052718,,EMPLOYEE,EMP-0008,hi
EMP-1523,Mohan Gupta,6012060637,,EMPLOYEE,EMP-0009,hi
EMP-1524,Vikas Kumar,6012068556,,EMPLOYEE,EMP-0010,en
EMP-1525,Rakesh Prasad,6012076475,,EMPLOYEE,EMP-0011,hi
EMP-1526,Dinesh Sharma,6012084394,,EMPLOYEE,EMP-0012,hi
EMP-1527,Manoj Mishra,6012092313,,EMPLOYEE,EMP-0013,en
EMP-1528,Sunita Verma,6012100232,,EMPLOYEE,EMP-0014,hi
EMP-1529,Kavita Tiwari,6012108151,,EMPLOYEE,EMP-0015,hi
EMP-1530,Rekha Lal,6012116070,,EMPLOYEE,EMP-0016,en
EMP-1531,Pooja Yadav,6012123989,,EMPLOYEE,EMP-0017,hi
EMP-1532,Amit Devi,6012131908,,EMPLOYEE,EMP-0018,hi
EMP-1533,Sanjay Singh,6012139827,,EMPLOYEE,EMP-0019,en
EMP-1534,Deepak Pandey,6012147746,,EMPLOYEE,EMP-0020,hi
EMP-1535,Rajesh Gupta,6012155665,,EMPLOYEE,EMP-0021,hi
EMP-1536,Ramesh Kumar,6012163584,,EMPLOYEE,EMP-0022,en
EMP-1537,Suresh Prasad,6012171503,,EMPLOYEE,EMP-0023,hi
EMP-1538,Anil Sharma,6012179422,,EMPLOYEE,EMP-0024,hi
EMP-1539,Mohan Mishra,6012187341,,EMPLOYEE,EMP-0025,en
EMP-1540,Vikas Verma,6012195260,,EMPLOYEE,EMP-0026,hi
EMP-1541,Rakesh Tiwari,6012203179,,EMPLOYEE,EMP-0027,hi
EMP-1542,Dinesh Lal,6012211098,,EMPLOYEE,EMP-0028,en
EMP-1543,Manoj Yadav,6012219017,,EMPLOYEE,EMP-0029,hi
EMP-1544,Sunita Devi,6012226936,,EMPLOYEE,EMP-0030,hi
EMP-1545,Kavita Singh,6012234855,,EMPLOYEE,EMP-0031,en
EMP-1546,Rekha Pandey,6012242774,,EMPLOYEE,EMP-0032,hi
EMP-1547,Pooja Gupta,6012250693,,EMPLOYEE,EMP-0033,hi
EMP-1548,Amit Kumar,6012258612,,EMPLOYEE,EMP-0034,en
EMP-1549,Sanjay Prasad,6012266531,,EMPLOYEE,EMP-0035,hi
EMP-1550,Deepak Sharma,6012274450,,EMPLOYEE,EMP-0036,hi
EMP-1551,Rajesh Mishra,6012282369,,EMPLOYEE,EMP-0037,en
EMP-1552,Ramesh Verma,6012290288,,EMPLOYEE,EMP-0038,hi
EMP-1553,Suresh Tiwari,6012298207,,EMPLOYEE,EMP-0039,hi
EMP-1554,Anil Lal,6012306126,,EMPLOYEE,EMP-0040,en
EMP-1555,Mohan Yadav,6012314045,,EMPLOYEE,EMP-0041,hi
EMP-1556,Vikas Devi,6012321964,,EMPLOYEE,EMP-0042,hi
EMP-1557,Rakesh Singh,6012329883,,EMPLOYEE,EMP-0043,en
EMP-1558,Dinesh Pandey,6012337802,,EMPLOYEE,EMP-0044,hi
EMP-1559,Manoj Gupta,6012345721,,EMPLOYEE,EMP-0045,hi
EMP-1560,Sunita Kumar,6012353640,,EMPLOYEE,EMP-0046,en
EMP-1561,Kavita Prasad,6012361559,,EMPLOYEE,EMP-0047,hi
EMP-1562,Rekha Sharma,6012369478,,EMPLOYEE,EMP-0048,hi
EMP-1563,Pooja Mishra,6012377397,,EMPLOYEE,EMP-0049,en
EMP-1564,Amit Verma,6012385316,,EMPLOYEE,EMP-0050,hi
EMP-1565,Sanjay Tiwari,6012393235,,EMPLOYEE,EMP-0051,hi
EMP-1566,Deepak Lal,6012401154,,EMPLOYEE,EMP-0052,en
EMP-1567,Rajesh Yadav,6012409073,,EMPLOYEE,EMP-0053,hi
EMP-1568,Ramesh Devi,6012416992,,EMPLOYEE,EMP-0054,hi
EMP-1569,Suresh Singh,6012424911,,EMPLOYEE,EMP-0055,en
EMP-1570,Anil Pandey,6012432830,,EMPLOYEE,EMP-0056,hi
EMP-1571,Mohan Gupta,6012440749,,EMPLOYEE,EMP-0057,hi
EMP-1572,Vikas Kumar,6012448668,,EMPLOYEE,EMP-0058,en
EMP-1573,Rakesh Prasad,6012456587,,EMPLOYEE,EMP-0059,hi
EMP-1574,Dinesh Sharma,6012464506,,EMPLOYEE,EMP-0060,hi
EMP-1575,Manoj Mishra,6012472425,,EMPLOYEE,EMP-0061,en
EMP-1576,Sunita Verma,6012480344,,EMPLOYEE,EMP-0062,hi
EMP-1577,Kavita Tiwari,6012488263,,EMPLOYEE,EMP-0063,hi
EMP-1578,Rekha Lal,6012496182,,EMPLOYEE,EMP-0064,en
EMP-1579,Pooja Yadav,6012504101,,EMPLOYEE,EMP-0065,hi
EMP-1580,Amit Devi,6012512020,,EMPLOYEE,EMP-0066,hi
EMP-1581,Sanjay Singh,6012519939,,EMPLOYEE,EMP-0067,en
EMP-1582,Deepak Pandey,6012527858,,EMPLOYEE,EMP-0068,hi
EMP-1583,Rajesh Gupta,6012535777,,EMPLOYEE,EMP-0069,hi
EMP-1584,Ramesh Kumar,6012543696,,EMPLOYEE,EMP-0070,en
EMP-1585,Suresh Prasad,6012551615,,EMPLOYEE,EMP-0071,hi
EMP-1586,Anil Sharma,6012559534,,EMPLOYEE,EMP-0072,hi
EMP-1587,Mohan Mishra,6012567453,,EMPLOYEE,EMP-0073,en
EMP-1588,Vikas Verma,6012575372,,EMPLOYEE,EMP-0074,hi
EMP-1589,Rakesh Tiwari,6012583291,,EMPLOYEE,EMP-0075,hi
EMP-1590,Dinesh Lal,6012591210,,EMPLOYEE,EMP-0076,en
EMP-1591,Manoj Yadav,6012599129,,EMPLOYEE,EMP-0077,hi
EMP-1592,Sunita Devi,6012607048,,EMPLOYEE,EMP-0078,hi
EMP-1593,Kavita Singh,6012614967,,EMPLOYEE,EMP-0079,en
EMP-1594,Rekha Pandey,6012622886,,EMPLOYEE,EMP-0080,hi
EMP-1595,Pooja Gupta,6012630805,,EMPLOYEE,EMP-0081,hi
EMP-1596,Amit Kumar,6012638724,,EMPLOYEE,EMP-0082,en
EMP-1597,Sanjay Prasad,6012646643,,EMPLOYEE,EMP-0083,hi
EMP-1598,Deepak Sharma,6012654562,,EMPLOYEE,EMP-0084,hi
EMP-1599,Rajesh Mishra,6012662481,,EMPLOYEE,EMP-0085,en
EMP-1600,Ramesh Verma,6012670400,,EMPLOYEE,EMP-0006,hi
EMP-1601,Suresh Tiwari,6012678319,,EMPLOYEE,EMP-0007,hi
EMP-1602,Anil Lal,6012686238,,EMPLOYEE,EMP-0008,en
EMP-1603,Mohan Yadav,6012694157,,EMPLOYEE,EMP-0009,hi
EMP-1604,Vikas Devi,6012702076,,EMPLOYEE,EMP-0010,hi
EMP-1605,Rakesh Singh,6012709995,,EMPLOYEE,EMP-0011,en
EMP-1606,Dinesh Pandey,6012717914,,EMPLOYEE,EMP-0012,hi
EMP-1607,Manoj Gupta,6012725833,,EMPLOYEE,EMP-0013,hi
EMP-1608,Sunita Kumar,6012733752,,EMPLOYEE,EMP-0014,en
EMP-1609,Kavita Prasad,6012741671,,EMPLOYEE,EMP-0015,hi
EMP-1610,Rekha Sharma,6012749590,,EMPLOYEE,EMP-0016,hi
EMP-1611,Pooja Mishra,6012757509,,EMPLOYEE,EMP-0017,en
EMP-1612,Amit Verma,6012765428,,EMPLOYEE,EMP-0018,hi
EMP-1613,Sanjay Tiwari,6012773347,,EMPLOYEE,EMP-0019,hi
EMP-1614,Deepak Lal,6012781266,,EMPLOYEE,EMP-0020,en
EMP-1615,Rajesh Yadav,6012789185,,EMPLOYEE,EMP-0021,hi
EMP-1616,Ramesh Devi,6012797104,,EMPLOYEE,EMP-0022,hi
EMP-1617,Suresh Singh,6012805023,,EMPLOYEE,EMP-0023,en
EMP-1618,Anil Pandey,6012812942,,EMPLOYEE,EMP-0024,hi
EMP-1619,Mohan Gupta,6012820861,,EMPLOYEE,EMP-0025,hi
EMP-1620,Vikas Kumar,6012828780,,EMPLOYEE,EMP-0026,en
EMP-1621,Rakesh Prasad,6012836699,,EMPLOYEE,EMP-0027,hi
EMP-1622,Dinesh Sharma,6012844618,,EMPLOYEE,EMP-0028,hi
EMP-1623,Manoj Mishra,6012852537,,EMPLOYEE,EMP-0029,en
EMP-1624,Sunita Verma,6012860456,,EMPLOYEE,EMP-0030,hi
EMP-1625,Kavita Tiwari,6012868375,,EMPLOYEE,EMP-0031,hi
EMP-1626,Rekha Lal,6012876294,,EMPLOYEE,EMP-0032,en
EMP-1627,Pooja Yadav,6012884213,,EMPLOYEE,EMP-0033,hi
EMP-1628,Amit Devi,6012892132,,EMPLOYEE,EMP-0034,hi
EMP-1629,Sanjay Singh,6012900051,,EMPLOYEE,EMP-0035,en
EMP-1630,Deepak Pandey,6012907970,,EMPLOYEE,EMP-0036,hi
EMP-1631,Rajesh Gupta,6012915889,,EMPLOYEE,EMP-0037,hi
EMP-1632,Ramesh Kumar,6012923808,,EMPLOYEE,EMP-0038,en
EMP-1633,Suresh Prasad,6012931727,,EMPLOYEE,EMP-0039,hi
EMP-1634,Anil Sharma,6012939646,,EMPLOYEE,EMP-0040,hi
EMP-1635,Mohan Mishra,6012947565,,EMPLOYEE,EMP-0041,en
EMP-1636,Vikas Verma,6012955484,,EMPLOYEE,EMP-0042,hi
EMP-1637,Rakesh Tiwari,6012963403,,EMPLOYEE,EMP-0043,hi
EMP-1638,Dinesh Lal,6012971322,,EMPLOYEE,EMP-0044,en
EMP-1639,Manoj Yadav,6012979241,,EMPLOYEE,EMP-0045,hi
EMP-1640,Sunita Devi,6012987160,,EMPLOYEE,EMP-0046,hi
EMP-1641,Kavita Singh,6012995079,,EMPLOYEE,EMP-0047,en
EMP-1642,Rekha Pandey,6013002998,,EMPLOYEE,EMP-0048,hi
EMP-1643,Pooja Gupta,6013010917,,EMPLOYEE,EMP-0049,hi
EMP-1644,Amit Kumar,6013018836,,EMPLOYEE,EMP-0050,en
EMP-1645,Sanjay Prasad,6013026755,,EMPLOYEE,EMP-0051,hi
EMP-1646,Deepak Sharma,6013034674,,EMPLOYEE,EMP-0052,hi
EMP-1647,Rajesh Mishra,6013042593,,EMPLOYEE,EMP-0053,en
EMP-1648,Ramesh Verma,6013050512,,EMPLOYEE,EMP-0054,hi
EMP-1649,Suresh Tiwari,6013058431,,EMPLOYEE,EMP-0055,hi
EMP-1650,Anil Lal,6013066350,,EMPLOYEE,EMP-0056,en
EMP-1651,Mohan Yadav,6013074269,,EMPLOYEE,EMP-0057,hi
EMP-1652,Vikas Devi,6013082188,,EMPLOYEE,EMP-0058,hi
EMP-1653,Rakesh Singh,6013090107,,EMPLOYEE,EMP-0059,en
EMP-1654,Dinesh Pandey,6013098026,,EMPLOYEE,EMP-0060,hi
EMP-1655,Manoj Gupta,6013105945,,EMPLOYEE,EMP-0061,hi
EMP-1656,Sunita Kumar,6013113864,,EMPLOYEE,EMP-0062,en
EMP-1657,Kavita Prasad,6013121783,,EMPLOYEE,EMP-0063,hi
EMP-1658,Rekha Sharma,6013129702,,EMPLOYEE,EMP-0064,hi
EMP-1659,Pooja Mishra,6013137621,,EMPLOYEE,EMP-0065,en
EMP-1660,Amit Verma,6013145540,,EMPLOYEE,EMP-0066,hi
EMP-1661,Sanjay Tiwari,6013153459,,EMPLOYEE,EMP-0067,hi
EMP-1662,Deepak Lal,6013161378,,EMPLOYEE,EMP-0068,en
EMP-1663,Rajesh Yadav,6013169297,,EMPLOYEE,EMP-0069,hi
EMP-1664,Ramesh Devi,6013177216,,EMPLOYEE,EMP-0070,hi
EMP-1665,Suresh Singh,6013185135,,EMPLOYEE,EMP-0071,en
EMP-1666,Anil Pandey,6013193054,,EMPLOYEE,EMP-0072,hi
EMP-1667,Mohan Gupta,6013200973,,EMPLOYEE,EMP-0073,hi
EMP-1668,Vikas Kumar,6013208892,,EMPLOYEE,EMP-0074,en
EMP-1669,Rakesh Prasad,6013216811,,EMPLOYEE,EMP-0075,hi
EMP-1670,Dinesh Sharma,6013224730,,EMPLOYEE,EMP-0076,hi
EMP-1671,Manoj Mishra,6013232649,,EMPLOYEE,EMP-0077,en
EMP-1672,Sunita Verma,6013240568,,EMPLOYEE,EMP-0078,hi
EMP-1673,Kavita Tiwari,6013248487,,EMPLOYEE,EMP-0079,hi
EMP-1674,Rekha Lal,6013256406,,EMPLOYEE,EMP-0080,en
EMP-1675,Pooja Yadav,6013264325,,EMPLOYEE,EMP-0081,hi
EMP-1676,Amit Devi,6013272244,,EMPLOYEE,EMP-0082,hi
EMP-1677,Sanjay Singh,6013280163,,EMPLOYEE,EMP-0083,en
EMP-1678,Deepak Pandey,6013288082,,EMPLOYEE,EMP-0084,hi
EMP-1679,Rajesh Gupta,6013296001,,EMPLOYEE,EMP-0085,hi
EMP-1680,Ramesh Kumar,6013303920,,EMPLOYEE,EMP-0006,en
EMP-1681,Suresh Prasad,6013311839,,EMPLOYEE,EMP-0007,hi
EMP-1682,Anil Sharma,6013319758,,EMPLOYEE,EMP-0008,hi
EMP-1683,Mohan Mishra,6013327677,,EMPLOYEE,EMP-0009,en
EMP-1684,Vikas Verma,6013335596,,EMPLOYEE,EMP-0010,hi
EMP-1685,Rakesh Tiwari,6013343515,,EMPLOYEE,EMP-0011,hi
EMP-1686,Dinesh Lal,6013351434,,EMPLOYEE,EMP-0012,en
EMP-1687,Manoj Yadav,6013359353,,EMPLOYEE,EMP-0013,hi
EMP-1688,Sunita Devi,6013367272,,EMPLOYEE,EMP-0014,hi
EMP-1689,Kavita Singh,6013375191,,EMPLOYEE,EMP-0015,en
EMP-1690,Rekha Pandey,6013383110,,EMPLOYEE,EMP-0016,hi
EMP-1691,Pooja Gupta,6013391029,,EMPLOYEE,EMP-0017,hi
EMP-1692,Amit Kumar,6013398948,,EMPLOYEE,EMP-0018,en
EMP-1693,Sanjay Prasad,6013406867,,EMPLOYEE,EMP-0019,hi
EMP-1694,Deepak Sharma,6013414786,,EMPLOYEE,EMP-0020,hi
EMP-1695,Rajesh Mishra,6013422705,,EMPLOYEE,EMP-0021,en
EMP-1696,Ramesh Verma,6013430624,,EMPLOYEE,EMP-0022,hi
EMP-1697,Suresh Tiwari,6013438543,,EMPLOYEE,EMP-0023,hi
EMP-1698,Anil Lal,6013446462,,EMPLOYEE,EMP-0024,en
EMP-1699,Mohan Yadav,6013454381,,EMPLOYEE,EMP-0025,hi
EMP-1700,Vikas Devi,6013462300,,EMPLOYEE,EMP-0026,hi
EMP-1701,Rakesh Singh,6013470219,,EMPLOYEE,EMP-0027,en
EMP-1702,Dinesh Pandey,6013478138,,EMPLOYEE,EMP-0028,hi
EMP-1703,Manoj Gupta,6013486057,,EMPLOYEE,EMP-0029,hi
EMP-1704,Sunita Kumar,6013493976,,EMPLOYEE,EMP-0030,en
EMP-1705,Kavita Prasad,6013501895,,EMPLOYEE,EMP-0031,hi
EMP-1706,Rekha Sharma,6013509814,,EMPLOYEE,EMP-0032,hi
EMP-1707,Pooja Mishra,6013517733,,EMPLOYEE,EMP-0033,en
EMP-1708,Amit Verma,6013525652,,EMPLOYEE,EMP-0034,hi
EMP-1709,Sanjay Tiwari,6013533571,,EMPLOYEE,EMP-0035,hi
EMP-1710,Deepak Lal,6013541490,,EMPLOYEE,EMP-0036,en
EMP-1711,Rajesh Yadav,6013549409,,EMPLOYEE,EMP-0037,hi
EMP-1712,Ramesh Devi,6013557328,,EMPLOYEE,EMP-0038,hi
EMP-1713,Suresh Singh,6013565247,,EMPLOYEE,EMP-0039,en
EMP-1714,Anil Pandey,6013573166,,EMPLOYEE,EMP-0040,hi
EMP-1715,Mohan Gupta,6013581085,,EMPLOYEE,EMP-0041,hi
EMP-1716,Vikas Kumar,6013589004,,EMPLOYEE,EMP-0042,en
EMP-1717,Rakesh Prasad,6013596923,,EMPLOYEE,EMP-0043,hi
EMP-1718,Dinesh Sharma,6013604842,,EMPLOYEE,EMP-0044,hi
EMP-1719,Manoj Mishra,6013612761,,EMPLOYEE,EMP-0045,en
EMP-1720,Sunita Verma,6013620680,,EMPLOYEE,EMP-0046,hi
EMP-1721,Kavita Tiwari,6013628599,,EMPLOYEE,EMP-0047,hi
EMP-1722,Rekha Lal,6013636518,,EMPLOYEE,EMP-0048,en
EMP-1723,Pooja Yadav,6013644437,,EMPLOYEE,EMP-0049,hi
EMP-1724,Amit Devi,6013652356,,EMPLOYEE,EMP-0050,hi
EMP-1725,Sanjay Singh,6013660275,,EMPLOYEE,EMP-0051,en
EMP-1726,Deepak Pandey,6013668194,,EMPLOYEE,EMP-0052,hi
EMP-1727,Rajesh Gupta,6013676113,,EMPLOYEE,EMP-0053,hi
EMP-1728,Ramesh Kumar,6013684032,,EMPLOYEE,EMP-0054,en
EMP-1729,Suresh Prasad,6013691951,,EMPLOYEE,EMP-0055,hi
EMP-1730,Anil Sharma,6013699870,,EMPLOYEE,EMP-0056,hi
EMP-1731,Mohan Mishra,6013707789,,EMPLOYEE,EMP-0057,en
EMP-1732,Vikas Verma,6013715708,,EMPLOYEE,EMP-0058,hi
EMP-1733,Rakesh Tiwari,6013723627,,EMPLOYEE,EMP-0059,hi
EMP-1734,Dinesh Lal,6013731546,,EMPLOYEE,EMP-0060,en
EMP-1735,Manoj Yadav,6013739465,,EMPLOYEE,EMP-0061,hi
EMP-1736,Sunita Devi,6013747384,,EMPLOYEE,EMP-0062,hi
EMP-1737,Kavita Singh,6013755303,,EMPLOYEE,EMP-0063,en
EMP-1738,Rekha Pandey,6013763222,,EMPLOYEE,EMP-0064,hi
EMP-1739,Pooja Gupta,6013771141,,EMPLOYEE,EMP-0065,hi
EMP-1740,Amit Kumar,6013779060,,EMPLOYEE,EMP-0066,en
EMP-1741,Sanjay Prasad,6013786979,,EMPLOYEE,EMP-0067,hi
EMP-1742,Deepak Sharma,6013794898,,EMPLOYEE,EMP-0068,hi
EMP-1743,Rajesh Mishra,6013802817,,EMPLOYEE,EMP-0069,en
EMP-1744,Ramesh Verma,6013810736,,EMPLOYEE,EMP-0070,hi
EMP-1745,Suresh Tiwari,6013818655,,EMPLOYEE,EMP-0071,hi
EMP-1746,Anil Lal,6013826574,,EMPLOYEE,EMP-0072,en
EMP-1747,Mohan Yadav,6013834493,,EMPLOYEE,EMP-0073,hi
EMP-1748,Vikas Devi,6013842412,,EMPLOYEE,EMP-0074,hi
EMP-1749,Rakesh Singh,6013850331,,EMPLOYEE,EMP-0075,en
EMP-1750,Dinesh Pandey,6013858250,,EMPLOYEE,EMP-0076,hi
EMP-1751,Manoj Gupta,6013866169,,EMPLOYEE,EMP-0077,hi
EMP-1752,Sunita Kumar,6013874088,,EMPLOYEE,EMP-0078,en
EMP-1753,Kavita Prasad,6013882007,,EMPLOYEE,EMP-0079,hi
EMP-1754,Rekha Sharma,6013889926,,EMPLOYEE,EMP-0080,hi
EMP-1755,Pooja Mishra,6013897845,,EMPLOYEE,EMP-0081,en
EMP-1756,Amit Verma,6013905764,,EMPLOYEE,EMP-0082,hi
EMP-1757,Sanjay Tiwari,6013913683,,EMPLOYEE,EMP-0083,hi
EMP-1758,Deepak Lal,6013921602,,EMPLOYEE,EMP-0084,en
EMP-1759,Rajesh Yadav,6013929521,,EMPLOYEE,EMP-0085,hi
EMP-1760,Ramesh Devi,6013937440,,EMPLOYEE,EMP-0006,hi
EMP-1761,Suresh Singh,6013945359,,EMPLOYEE,EMP-0007,en
EMP-1762,Anil Pandey,6013953278,,EMPLOYEE,EMP-0008,hi
EMP-1763,Mohan Gupta,6013961197,,EMPLOYEE,EMP-0009,hi
EMP-1764,Vikas Kumar,6013969116,,EMPLOYEE,EMP-0010,en
EMP-1765,Rakesh Prasad,6013977035,,EMPLOYEE,EMP-0011,hi
EMP-1766,Dinesh Sharma,6013984954,,EMPLOYEE,EMP-0012,hi
EMP-1767,Manoj Mishra,6013992873,,EMPLOYEE,EMP-0013,en
EMP-1768,Sunita Verma,6014000792,,EMPLOYEE,EMP-0014,hi
EMP-1769,Kavita Tiwari,6014008711,,EMPLOYEE,EMP-0015,hi
EMP-1770,Rekha Lal,6014016630,,EMPLOYEE,EMP-0016,en
EMP-1771,Pooja Yadav,6014024549,,EMPLOYEE,EMP-0017,hi
EMP-1772,Amit Devi,6014032468,,EMPLOYEE,EMP-0018,hi
EMP-1773,Sanjay Singh,6014040387,,EMPLOYEE,EMP-0019,en
EMP-1774,Deepak Pandey,6014048306,,EMPLOYEE,EMP-0020,hi
EMP-1775,Rajesh Gupta,6014056225,,EMPLOYEE,EMP-0021,hi
EMP-1776,Ramesh Kumar,6014064144,,EMPLOYEE,EMP-0022,en
EMP-1777,Suresh Prasad,6014072063,,EMPLOYEE,EMP-0023,hi
EMP-1778,Anil Sharma,6014079982,,EMPLOYEE,EMP-0024,hi
EMP-1779,Mohan Mishra,6014087901,,EMPLOYEE,EMP-0025,en
EMP-1780,Vikas Verma,6014095820,,EMPLOYEE,EMP-0026,hi
EMP-1781,Rakesh Tiwari,6014103739,,EMPLOYEE,EMP-0027,hi
EMP-1782,Dinesh Lal,6014111658,,EMPLOYEE,EMP-0028,en
EMP-1783,Manoj Yadav,6014119577,,EMPLOYEE,EMP-0029,hi
EMP-1784,Sunita Devi,6014127496,,EMPLOYEE,EMP-0030,hi
EMP-1785,Kavita Singh,6014135415,,EMPLOYEE,EMP-0031,en
EMP-1786,Rekha Pandey,6014143334,,EMPLOYEE,EMP-0032,hi
EMP-1787,Pooja Gupta,6014151253,,EMPLOYEE,EMP-0033,hi
EMP-1788,Amit Kumar,6014159172,,EMPLOYEE,EMP-0034,en
EMP-1789,Sanjay Prasad,6014167091,,EMPLOYEE,EMP-0035,hi
EMP-1790,Deepak Sharma,6014175010,,EMPLOYEE,EMP-0036,hi
EMP-1791,Rajesh Mishra,6014182929,,EMPLOYEE,EMP-0037,en
EMP-1792,Ramesh Verma,6014190848,,EMPLOYEE,EMP-0038,hi
EMP-1793,Suresh Tiwari,6014198767,,EMPLOYEE,EMP-0039,hi
EMP-1794,Anil Lal,6014206686,,EMPLOYEE,EMP-0040,en
EMP-1795,Mohan Yadav,6014214605,,EMPLOYEE,EMP-0041,hi
EMP-1796,Vikas Devi,6014222524,,EMPLOYEE,EMP-0042,hi
EMP-1797,Rakesh Singh,6014230443,,EMPLOYEE,EMP-0043,en
EMP-1798,Dinesh Pandey,6014238362,,EMPLOYEE,EMP-0044,hi
EMP-1799,Manoj Gupta,6014246281,,EMPLOYEE,EMP-0045,hi
EMP-1800,Sunita Kumar,6014254200,,EMPLOYEE,EMP-0046,en
EMP-1801,Kavita Prasad,6014262119,,EMPLOYEE,EMP-0047,hi
EMP-1802,Rekha Sharma,6014270038,,EMPLOYEE,EMP-0048,hi
EMP-1803,Pooja Mishra,6014277957,,EMPLOYEE,EMP-0049,en
EMP-1804,Amit Verma,6014285876,,EMPLOYEE,EMP-0050,hi
EMP-1805,Sanjay Tiwari,6014293795,,EMPLOYEE,EMP-0051,hi
EMP-1806,Deepak Lal,6014301714,,EMPLOYEE,EMP-0052,en
EMP-1807,Rajesh Yadav,6014309633,,EMPLOYEE,EMP-0053,hi
EMP-1808,Ramesh Devi,6014317552,,EMPLOYEE,EMP-0054,hi
EMP-1809,Suresh Singh,6014325471,,EMPLOYEE,EMP-0055,en
EMP-1810,Anil Pandey,6014333390,,EMPLOYEE,EMP-0056,hi
EMP-1811,Mohan Gupta,6014341309,,EMPLOYEE,EMP-0057,hi
EMP-1812,Vikas Kumar,6014349228,,EMPLOYEE,EMP-0058,en
EMP-1813,Rakesh Prasad,6014357147,,EMPLOYEE,EMP-0059,hi
EMP-1814,Dinesh Sharma,6014365066,,EMPLOYEE,EMP-0060,hi
EMP-1815,Manoj Mishra,6014372985,,EMPLOYEE,EMP-0061,en
EMP-1816,Sunita Verma,6014380904,,EMPLOYEE,EMP-0062,hi
EMP-1817,Kavita Tiwari,6014388823,,EMPLOYEE,EMP-0063,hi
EMP-1818,Rekha Lal,6014396742,,EMPLOYEE,EMP-0064,en
EMP-1819,Pooja Yadav,6014404661,,EMPLOYEE,EMP-0065,hi
EMP-1820,Amit Devi,6014412580,,EMPLOYEE,EMP-0066,hi
EMP-1821,Sanjay Singh,6014420499,,EMPLOYEE,EMP-0067,en
EMP-1822,Deepak Pandey,6014428418,,EMPLOYEE,EMP-0068,hi
EMP-1823,Rajesh Gupta,6014436337,,EMPLOYEE,EMP-0069,hi
EMP-1824,Ramesh Kumar,6014444256,,EMPLOYEE,EMP-0070,en
EMP-1825,Suresh Prasad,6014452175,,EMPLOYEE,EMP-0071,hi
EMP-1826,Anil Sharma,6014460094,,EMPLOYEE,EMP-0072,hi
EMP-1827,Mohan Mishra,6014468013,,EMPLOYEE,EMP-0073,en
EMP-1828,Vikas Verma,6014475932,,EMPLOYEE,EMP-0074,hi
EMP-1829,Rakesh Tiwari,6014483851,,EMPLOYEE,EMP-0075,hi
EMP-1830,Dinesh Lal,6014491770,,EMPLOYEE,EMP-0076,en
EMP-1831,Manoj Yadav,6014499689,,EMPLOYEE,EMP-0077,hi
EMP-1832,Sunita Devi,6014507608,,EMPLOYEE,EMP-0078,hi
EMP-1833,Kavita Singh,6014515527,,EMPLOYEE,EMP-0079,en
EMP-1834,Rekha Pandey,6014523446,,EMPLOYEE,EMP-0080,hi
EMP-1835,Pooja Gupta,6014531365,,EMPLOYEE,EMP-0081,hi
EMP-1836,Amit Kumar,6014539284,,EMPLOYEE,EMP-0082,en
EMP-1837,Sanjay Prasad,6014547203,,EMPLOYEE,EMP-0083,hi
EMP-1838,Deepak Sharma,6014555122,,EMPLOYEE,EMP-0084,hi
EMP-1839,Rajesh Mishra,6014563041,,EMPLOYEE,EMP-0085,en
EMP-1840,Ramesh Verma,6014570960,,EMPLOYEE,EMP-0006,hi
EMP-1841,Suresh Tiwari,6014578879,,EMPLOYEE,EMP-0007,hi
EMP-1842,Anil Lal,6014586798,,EMPLOYEE,EMP-0008,en
EMP-1843,Mohan Yadav,6014594717,,EMPLOYEE,EMP-0009,hi
EMP-1844,Vikas Devi,6014602636,,EMPLOYEE,EMP-0010,hi
EMP-1845,Rakesh Singh,6014610555,,EMPLOYEE,EMP-0011,en
EMP-1846,Dinesh Pandey,6014618474,,EMPLOYEE,EMP-0012,hi
EMP-1847,Manoj Gupta,6014626393,,EMPLOYEE,EMP-0013,hi
EMP-1848,Sunita Kumar,6014634312,,EMPLOYEE,EMP-0014,en
EMP-1849,Kavita Prasad,6014642231,,EMPLOYEE,EMP-0015,hi
EMP-1850,Rekha Sharma,6014650150,,EMPLOYEE,EMP-0016,hi
EMP-1851,Pooja Mishra,6014658069,,EMPLOYEE,EMP-0017,en
EMP-1852,Amit Verma,6014665988,,EMPLOYEE,EMP-0018,hi
EMP-1853,Sanjay Tiwari,6014673907,,EMPLOYEE,EMP-0019,hi
EMP-1854,Deepak Lal,6014681826,,EMPLOYEE,EMP-0020,en
EMP-1855,Rajesh Yadav,6014689745,,EMPLOYEE,EMP-0021,hi
EMP-1856,Ramesh Devi,6014697664,,EMPLOYEE,EMP-0022,hi
EMP-1857,Suresh Singh,6014705583,,EMPLOYEE,EMP-0023,en
EMP-1858,Anil Pandey,6014713502,,EMPLOYEE,EMP-0024,hi
EMP-1859,Mohan Gupta,6014721421,,EMPLOYEE,EMP-0025,hi
EMP-1860,Vikas Kumar,6014729340,,EMPLOYEE,EMP-0026,en
EMP-1861,Rakesh Prasad,6014737259,,EMPLOYEE,EMP-0027,hi
EMP-1862,Dinesh Sharma,6014745178,,EMPLOYEE,EMP-0028,hi
EMP-1863,Manoj Mishra,6014753097,,EMPLOYEE,EMP-0029,en
EMP-1864,Sunita Verma,6014761016,,EMPLOYEE,EMP-0030,hi
EMP-1865,Kavita Tiwari,6014768935,,EMPLOYEE,EMP-0031,hi
EMP-1866,Rekha Lal,6014776854,,EMPLOYEE,EMP-0032,en
EMP-1867,Pooja Yadav,6014784773,,EMPLOYEE,EMP-0033,hi
EMP-1868,Amit Devi,6014792692,,EMPLOYEE,EMP-0034,hi
EMP-1869,Sanjay Singh,6014800611,,EMPLOYEE,EMP-0035,en
EMP-1870,Deepak Pandey,6014808530,,EMPLOYEE,EMP-0036,hi
EMP-1871,Rajesh Gupta,6014816449,,EMPLOYEE,EMP-0037,hi
EMP-1872,Ramesh Kumar,6014824368,,EMPLOYEE,EMP-0038,en
EMP-1873,Suresh Prasad,6014832287,,EMPLOYEE,EMP-0039,hi
EMP-1874,Anil Sharma,6014840206,,EMPLOYEE,EMP-0040,hi
EMP-1875,Mohan Mishra,6014848125,,EMPLOYEE,EMP-0041,en
EMP-1876,Vikas Verma,6014856044,,EMPLOYEE,EMP-0042,hi
EMP-1877,Rakesh Tiwari,6014863963,,EMPLOYEE,EMP-0043,hi
EMP-1878,Dinesh Lal,6014871882,,EMPLOYEE,EMP-0044,en
EMP-1879,Manoj Yadav,6014879801,,EMPLOYEE,EMP-0045,hi
EMP-1880,Sunita Devi,6014887720,,EMPLOYEE,EMP-0046,hi
EMP-1881,Kavita Singh,6014895639,,EMPLOYEE,EMP-0047,en
EMP-1882,Rekha Pandey,6014903558,,EMPLOYEE,EMP-0048,hi
EMP-1883,Pooja Gupta,6014911477,,EMPLOYEE,EMP-0049,hi
EMP-1884,Amit Kumar,6014919396,,EMPLOYEE,EMP-0050,en
EMP-1885,Sanjay Prasad,6014927315,,EMPLOYEE,EMP-0051,hi
EMP-1886,Deepak Sharma,6014935234,,EMPLOYEE,EMP-0052,hi
EMP-1887,Rajesh Mishra,6014943153,,EMPLOYEE,EMP-0053,en
EMP-1888,Ramesh Verma,6014951072,,EMPLOYEE,EMP-0054,hi
EMP-1889,Suresh Tiwari,6014958991,,EMPLOYEE,EMP-0055,hi
EMP-1890,Anil Lal,6014966910,,EMPLOYEE,EMP-0056,en
EMP-1891,Mohan Yadav,6014974829,,EMPLOYEE,EMP-0057,hi
EMP-1892,Vikas Devi,6014982748,,EMPLOYEE,EMP-0058,hi
EMP-1893,Rakesh Singh,6014990667,,EMPLOYEE,EMP-0059,en
EMP-1894,Dinesh Pandey,6014998586,,EMPLOYEE,EMP-0060,hi
EMP-1895,Manoj Gupta,6015006505,,EMPLOYEE,EMP-0061,hi
EMP-1896,Sunita Kumar,6015014424,,EMPLOYEE,EMP-0062,en
EMP-1897,Kavita Prasad,6015022343,,EMPLOYEE,EMP-0063,hi
EMP-1898,Rekha Sharma,6015030262,,EMPLOYEE,EMP-0064,hi
EMP-1899,Pooja Mishra,6015038181,,EMPLOYEE,EMP-0065,en
EMP-1900,Amit Verma,6015046100,,EMPLOYEE,EMP-0066,hi
EMP-1901,Sanjay Tiwari,6015054019,,EMPLOYEE,EMP-0067,hi
EMP-1902,Deepak Lal,6015061938,,EMPLOYEE,EMP-0068,en
EMP-1903,Rajesh Yadav,6015069857,,EMPLOYEE,EMP-0069,hi
EMP-1904,Ramesh Devi,6015077776,,EMPLOYEE,EMP-0070,hi
EMP-1905,Suresh Singh,6015085695,,EMPLOYEE,EMP-0071,en
EMP-1906,Anil Pandey,6015093614,,EMPLOYEE,EMP-0072,hi
EMP-1907,Mohan Gupta,6015101533,,EMPLOYEE,EMP-0073,hi
EMP-1908,Vikas Kumar,6015109452,,EMPLOYEE,EMP-0074,en
EMP-1909,Rakesh Prasad,6015117371,,EMPLOYEE,EMP-0075,hi
EMP-1910,Dinesh Sharma,6015125290,,EMPLOYEE,EMP-0076,hi
EMP-1911,Manoj Mishra,6015133209,,EMPLOYEE,EMP-0077,en
EMP-1912,Sunita Verma,6015141128,,EMPLOYEE,EMP-0078,hi
EMP-1913,Kavita Tiwari,6015149047,,EMPLOYEE,EMP-0079,hi
EMP-1914,Rekha Lal,6015156966,,EMPLOYEE,EMP-0080,en
EMP-1915,Pooja Yadav,6015164885,,EMPLOYEE,EMP-0081,hi
EMP-1916,Amit Devi,6015172804,,EMPLOYEE,EMP-0082,hi
EMP-1917,Sanjay Singh,6015180723,,EMPLOYEE,EMP-0083,en
EMP-1918,Deepak Pandey,6015188642,,EMPLOYEE,EMP-0084,hi
EMP-1919,Rajesh Gupta,6015196561,,EMPLOYEE,EMP-0085,hi
EMP-1920,Ramesh Kumar,6015204480,,EMPLOYEE,EMP-0006,en
EMP-1921,Suresh Prasad,6015212399,,EMPLOYEE,EMP-0007,hi
EMP-1922,Anil Sharma,6015220318,,EMPLOYEE,EMP-0008,hi
EMP-1923,Mohan Mishra,6015228237,,EMPLOYEE,EMP-0009,en
EMP-1924,Vikas Verma,6015236156,,EMPLOYEE,EMP-0010,hi
EMP-1925,Rakesh Tiwari,6015244075,,EMPLOYEE,EMP-0011,hi
EMP-1926,Dinesh Lal,6015251994,,EMPLOYEE,EMP-0012,en
EMP-1927,Manoj Yadav,6015259913,,EMPLOYEE,EMP-0013,hi
EMP-1928,Sunita Devi,6015267832,,EMPLOYEE,EMP-0014,hi
EMP-1929,Kavita Singh,6015275751,,EMPLOYEE,EMP-0015,en
EMP-1930,Rekha Pandey,6015283670,,EMPLOYEE,EMP-0016,hi
EMP-1931,Pooja Gupta,6015291589,,EMPLOYEE,EMP-0017,hi
EMP-1932,Amit Kumar,6015299508,,EMPLOYEE,EMP-0018,en
EMP-1933,Sanjay Prasad,6015307427,,EMPLOYEE,EMP-0019,hi
EMP-1934,Deepak Sharma,6015315346,,EMPLOYEE,EMP-0020,hi
EMP-1935,Rajesh Mishra,6015323265,,EMPLOYEE,EMP-0021,en
EMP-1936,Ramesh Verma,6015331184,,EMPLOYEE,EMP-0022,hi
EMP-1937,Suresh Tiwari,6015339103,,EMPLOYEE,EMP-0023,hi
EMP-1938,Anil Lal,6015347022,,EMPLOYEE,EMP-0024,en
EMP-1939,Mohan Yadav,6015354941,,EMPLOYEE,EMP-0025,hi
EMP-1940,Vikas Devi,6015362860,,EMPLOYEE,EMP-0026,hi
EMP-1941,Rakesh Singh,6015370779,,EMPLOYEE,EMP-0027,en
EMP-1942,Dinesh Pandey,6015378698,,EMPLOYEE,EMP-0028,hi
EMP-1943,Manoj Gupta,6015386617,,EMPLOYEE,EMP-0029,hi
EMP-1944,Sunita Kumar,6015394536,,EMPLOYEE,EMP-0030,en
EMP-1945,Kavita Prasad,6015402455,,EMPLOYEE,EMP-0031,hi
EMP-1946,Rekha Sharma,6015410374,,EMPLOYEE,EMP-0032,hi
EMP-1947,Pooja Mishra,6015418293,,EMPLOYEE,EMP-0033,en
EMP-1948,Amit Verma,6015426212,,EMPLOYEE,EMP-0034,hi
EMP-1949,Sanjay Tiwari,6015434131,,EMPLOYEE,EMP-0035,hi
EMP-1950,Deepak Lal,6015442050,,EMPLOYEE,EMP-0036,en
EMP-1951,Rajesh Yadav,6015449969,,EMPLOYEE,EMP-0037,hi
EMP-1952,Ramesh Devi,6015457888,,EMPLOYEE,EMP-0038,hi
EMP-1953,Suresh Singh,6015465807,,EMPLOYEE,EMP-0039,en
EMP-1954,Anil Pandey,6015473726,,EMPLOYEE,EMP-0040,hi
EMP-1955,Mohan Gupta,6015481645,,EMPLOYEE,EMP-0041,hi
EMP-1956,Vikas Kumar,6015489564,,EMPLOYEE,EMP-0042,en
EMP-1957,Rakesh Prasad,6015497483,,EMPLOYEE,EMP-0043,hi
EMP-1958,Dinesh Sharma,6015505402,,EMPLOYEE,EMP-0044,hi
EMP-1959,Manoj Mishra,6015513321,,EMPLOYEE,EMP-0045,en
EMP-1960,Sunita Verma,6015521240,,EMPLOYEE,EMP-0046,hi
EMP-1961,Kavita Tiwari,6015529159,,EMPLOYEE,EMP-0047,hi
EMP-1962,Rekha Lal,6015537078,,EMPLOYEE,EMP-0048,en
EMP-1963,Pooja Yadav,6015544997,,EMPLOYEE,EMP-0049,hi
EMP-1964,Amit Devi,6015552916,,EMPLOYEE,EMP-0050,hi
EMP-1965,Sanjay Singh,6015560835,,EMPLOYEE,EMP-0051,en
EMP-1966,Deepak Pandey,6015568754,,EMPLOYEE,EMP-0052,hi
EMP-1967,Rajesh Gupta,6015576673,,EMPLOYEE,EMP-0053,hi
EMP-1968,Ramesh Kumar,6015584592,,EMPLOYEE,EMP-0054,en
EMP-1969,Suresh Prasad,6015592511,,EMPLOYEE,EMP-0055,hi
EMP-1970,Anil Sharma,6015600430,,EMPLOYEE,EMP-0056,hi
EMP-1971,Mohan Mishra,6015608349,,EMPLOYEE,EMP-0057,en
EMP-1972,Vikas Verma,6015616268,,EMPLOYEE,EMP-0058,hi
EMP-1973,Rakesh Tiwari,6015624187,,EMPLOYEE,EMP-0059,hi
EMP-1974,Dinesh Lal,6015632106,,EMPLOYEE,EMP-0060,en
EMP-1975,Manoj Yadav,6015640025,,EMPLOYEE,EMP-0061,hi
EMP-1976,Sunita Devi,6015647944,,EMPLOYEE,EMP-0062,hi
EMP-1977,Kavita Singh,6015655863,,EMPLOYEE,EMP-0063,en
EMP-1978,Rekha Pandey,6015663782,,EMPLOYEE,EMP-0064,hi
EMP-1979,Pooja Gupta,6015671701,,EMPLOYEE,EMP-0065,hi
EMP-1980,Amit Kumar,6015679620,,EMPLOYEE,EMP-0066,en
EMP-1981,Sanjay Prasad,6015687539,,EMPLOYEE,EMP-0067,hi
EMP-1982,Deepak Sharma,6015695458,,EMPLOYEE,EMP-0068,hi
EMP-1983,Rajesh Mishra,6015703377,,EMPLOYEE,EMP-0069,en
EMP-1984,Ramesh Verma,6015711296,,EMPLOYEE,EMP-0070,hi
EMP-1985,Suresh Tiwari,6015719215,,EMPLOYEE,EMP-0071,hi
EMP-1986,Anil Lal,6015727134,,EMPLOYEE,EMP-0072,en
EMP-1987,Mohan Yadav,6015735053,,EMPLOYEE,EMP-0073,hi
EMP-1988,Vikas Devi,6015742972,,EMPLOYEE,EMP-0074,hi
EMP-1989,Rakesh Singh,6015750891,,EMPLOYEE,EMP-0075,en
EMP-1990,Dinesh Pandey,6015758810,,EMPLOYEE,EMP-0076,hi
EMP-1991,Manoj Gupta,6015766729,,EMPLOYEE,EMP-0077,hi
EMP-1992,Sunita Kumar,6015774648,,EMPLOYEE,EMP-0078,en
EMP-1993,Kavita Prasad,6015782567,,EMPLOYEE,EMP-0079,hi
EMP-1994,Rekha Sharma,6015790486,,EMPLOYEE,EMP-0080,hi
EMP-1995,Pooja Mishra,6015798405,,EMPLOYEE,EMP-0081,en
EMP-1996,Amit Verma,6015806324,,EMPLOYEE,EMP-0082,hi
EMP-1997,Sanjay Tiwari,6015814243,,EMPLOYEE,EMP-0083,hi
EMP-1998,Deepak Lal,6015822162,,EMPLOYEE,EMP-0084,en
EMP-1999,Rajesh Yadav,6015830081,,EMPLOYEE,EMP-0085,hi
EMP-2000,Ramesh Devi,6015838000,,EMPLOYEE,EMP-0006,hi
EMP-9001,Suresh Prasad,6071278919,,EMPLOYEE,EMP-0006,hi
,Missing Id,6071286838,,EMPLOYEE,EMP-0006,hi
EMP-9003,,6071294757,,EMPLOYEE,EMP-0006,hi
EMP-9004,Vikas Verma,12345,,EMPLOYEE,EMP-0006,hi
EMP-9005,Rakesh Tiwari,6071310595,emp-9005@demo-contractor.example,MANAGER,EMP-0006,hi
EMP-9006,Dinesh Lal,6071318514,,EMPLOYEE,EMP-DOES-NOT-EXIST,hi
EMP-9001,Manoj Yadav,6071326433,,EMPLOYEE,EMP-0006,hi
EMP-9008,Sunita Devi,6071334352,,EMPLOYEE,EMP-9008,hi
EMP-9009,Kavita Singh,6071342271,,EMPLOYEE,EMP-0006,fr
EMP-9020,Vikas Devi,6071278919,,EMPLOYEE,EMP-0006,hi
EMP-9021,Rakesh Singh,6071437299,not-an-email,SENIOR,EMP-0006,hi
EMP-9022,Dinesh Pandey,6071445218,emp-0006@demo-contractor.example,SENIOR,EMP-0006,hi
EMP-9010,Rekha Pandey,6071350190,emp-9010@demo-contractor.example,SENIOR,EMP-9011,hi
EMP-9011,Pooja Gupta,6071358109,emp-9011@demo-contractor.example,SENIOR,EMP-9012,hi
EMP-9012,Amit Kumar,6071366028,emp-9012@demo-contractor.example,SENIOR,EMP-9010,hi
785296307416,Sanjay Prasad,6071373947,,EMPLOYEE,EMP-0006,hi
EMP-9014,545678901234,6071381866,,EMPLOYEE,EMP-0006,hi
